name,price,description,link_image,dom
Đệm Sưởi Ấm Cho Chó Mèo 45*45cm (Ds45),150.000₫,"Đệm sưởi ấm cho chó mèo 45*45cm là 1 vật dụng sưởi ấm không thể thiếu cho cún miu trong mùa đông giá lạnh này..
Đệm sưởi ấm cho chó mèo 45*45cm có tác dụng giữ nhiệt, làm ấm cơ thể thú cưng, chống lại sự giá rét. Sản phẩm được làm bằng chất liệu vải chống nước, chống cháy, rất an toàn khi sử dụng.
Bạn chỉ cần cắm điện, đệm sưởi sẽ dần nóng lên và duy trì ở mức độ vừa phải, phù hợp với thân nhiệt của cún miu mà không hề gây bỏng rát. Để giữ cho đệm không bị bám lông, bạn có thể sử dụng cây lăn bụi hoặc dải khăn bông hoặc thảm bông lên trên để tiện vệ sinh và giặt giũ. 
Sản phẩm Đệm sưởi ấm cho chó mèo 45*45cm thuộc thiết bị điện loại II chống ẩm, an toàn khi sử dụng, giữ ấm.
Kích thước :45x45x1cm.
Điện áp định mức: 220 V-50HZ Công suất định mức: 20W",https://bizweb.dktcdn.net/100/229/172/products/131107762-679399646297327-2452682414372762861-n.jpg?v=1636306748567,"<div class=""std"">
										<h1><span style=""font-size:14px;""><a href=""http://kunmiu.vn""><em><strong>Đệm sưởi ấm cho chó mèo 45*45cm</strong></em></a> là 1 vật dụng sưởi ấm&nbsp;không thể thiếu cho cún miu trong mùa đông giá lạnh này..</span></h1>
<h2><span style=""font-size:14px;""><a href=""http://kunmiu.vn""><em><strong>Đệm sưởi ấm cho chó mèo 45*45cm</strong></em></a> có tác dụng giữ nhiệt, làm ấm cơ thể thú cưng, chống lại sự giá rét. Sản phẩm được làm bằng chất liệu vải chống nước, chống cháy, rất an toàn khi sử dụng. </span></h2>
<h2><span style=""font-size:14px;"">Bạn chỉ cần cắm điện, đệm sưởi sẽ dần nóng lên và duy trì ở mức độ vừa phải, phù hợp với thân nhiệt của <a href=""http://kunmiu.vn"">cún miu</a>&nbsp;mà không hề gây bỏng rát. Để giữ cho đệm không bị bám lông, bạn có thể sử dụng <a href=""http://kunmiu.vn"">cây lăn bụi</a> hoặc dải khăn bông hoặc thảm bông lên trên để tiện vệ sinh và giặt giũ.&nbsp;</span></h2>
<p><span style=""font-size:14px;"">Sản phẩm&nbsp;<a href=""http://kunmiu.vn""><u><em><strong>Đệm sưởi ấm cho chó mèo 45*45cm</strong></em></u></a> thuộc thiết bị điện loại II chống ẩm, an toàn khi sử dụng, giữ ấm.</span></p>
<p><span style=""font-size:14px;"">Kích thước :45x45x1cm.<br>
Điện áp định mức: 220 V-50HZ Công suất định mức: 20W</span></p>
									</div>"
Lồng Sơn Tĩnh Điện Nan Dày Cho Thú Cưng,200.000₫,"Lồng sơn tĩnh điện nan dày cho thú cưng nay dày là lồng cho chó mèo dễ dàng tháo lắp và di chuyển. Khay vệ sinh bên dưới hoàn toàn có thể kéo ra để vệ sinh dễ dàng hơn. Cấu trúc chắc chắn, thông thoáng phù hợp cho tất cả các giống chó và mèo..
Kích cỡ Lồng sơn tĩnh điện nan dày cho thú cưng :
Tại sao bạn yên tâm khi chọn quây sơn tĩnh điện?
♦ Công nghệ sơn tĩnh điện: mang lại cho sản phẩm cực nhiều ưu điểm (là công nghệ sơn tiên tiến dựa trên nguyên lý 2 ion ngược dấu sẽ hút nhau):
     + bột sơn không có dung môi => vô cùng an toàn, không sợ cháy.
     + không dẫn điện.
     + không sợ kim loại bị ăn mòn, ion hóa khi sử dụng nhiều ở ngoài trời, độ bền của sản phẩm cao hơn sơn thường rất nhiều.
     + khả năng chịu nhiệt cao, không bị ảnh hưởng của môi trường nóng hay lạnh, tăng tuổi thọ cho sản phẩm.
     + dễ dàng lau chùi, vệ sinh.
     + thân thiện với môi trường.
 ♦ Thiết kế thông thoáng, không gian rộng: Lồng sắt sơn tĩnh điện này sẽ tạo cho pet yêu của bạn cảm giác thoải mái, không cảm thấy bức bí. Bạn cũng có thể đặt thêm các dụng cụ khác như đồ chơi để chúng chơi hay tấm lót bên trong để có thể chúng không cảm thấy lạnh hoặc đơn giản cho sạch hơn, cũng sẽ rất tiện lợi. Sản phẩm này dường như là đã tạo lên một không gian nhỏ cho Pet yêu của bạn.
 ♦ Linh động, dễ dàng gấp gọn: Lồng chó mèo được thiết kế có thể gấp gọn được, bởi vậy khi không cần sử dụng đến, hay khi di chuyển chúng ta có thể gấp gọn gàng lại được một cách rất dễ dàng, vừa ngăn nắp, vừa tiện lợi phải không ạ.
♦ Thiết kế thông minh 2 cửa giúp thuận tiện khi sử dụng
♦ Kích cỡ :  
+ Cỡ nhỏ: 46x40x32cm
+ Cỡ trung: 60x52x42cm
+ Cỡ to: 76x47x50cm
+ Cỡ đại: 90x70x58cm
- Lồng sơn tĩnh điện nan dày cho thú cưng được bán tại Kún Miu pet shop",https://bizweb.dktcdn.net/100/229/172/products/long-son-tinh-dien-2-min.jpg?v=1532872040780,"<div class=""std"">
										<h2 style=""margin: 0px 0px 9px; text-align: start; -webkit-text-stroke-width: 0px;""><span style=""font-size:14px;""><span style=""box-sizing:border-box""><em><strong><span style=""font-family:Arimo, sans-serif""><span style=""font-style:normal""><span style=""font-variant-ligatures:normal""><span style=""font-variant-caps:normal""><span style=""font-weight:normal""><span style=""letter-spacing:normal""><span style=""orphans:2""><span style=""text-transform:none""><span style=""white-space:normal""><span style=""widows:2""><span style=""word-spacing:0px""><span style=""background-color:#ffffff""><span style=""text-decoration-style:initial""><span style=""text-decoration-color:initial""><font face=""Helvetica Neue, Helvetica, sans-serif""><font style=""box-sizing: border-box;""><span style=""text-align: justify;""><span style=""box-sizing:border-box""><span style=""line-height:21px""><a href=""https://kunmiu.vn/dem-long-tui-van-chuyen""><span style=""color:#3498db;"">Lồng sơn tĩnh điện nan dày cho thú cưng</span></a></span></span></span></font></font></span></span></span></span></span></span></span></span></span></span></span></span></span></span></strong></em><span style=""color:#000000""><span style=""font-family:Arimo, sans-serif""><span style=""font-style:normal""><span style=""font-variant-ligatures:normal""><span style=""font-variant-caps:normal""><span style=""font-weight:normal""><span style=""letter-spacing:normal""><span style=""orphans:2""><span style=""text-transform:none""><span style=""white-space:normal""><span style=""widows:2""><span style=""word-spacing:0px""><span style=""background-color:#ffffff""><span style=""text-decoration-style:initial""><span style=""text-decoration-color:initial""><font face=""Helvetica Neue, Helvetica, sans-serif""><font style=""box-sizing: border-box;""><span style=""text-align: justify;""><span style=""box-sizing:border-box""><span style=""line-height:21px""> nay dày là&nbsp;<a href=""https://kunmiu.vn/dem-long-tui-van-chuyen"">lồng cho chó mèo</a></span></span></span></font></font><span font-size:="""" helvetica="""" line-height:="""" neue="""" sans-serif="""" style=""box-sizing:border-box""><span style=""color:#3e3e3e"">&nbsp;dễ dàng tháo lắp và di chuyển. Khay vệ sinh bên dưới hoàn toàn có thể kéo ra để vệ sinh dễ dàng hơn. Cấu trúc chắc chắn, thông thoáng phù hợp cho tất cả các giống chó và mèo..</span></span></span></span></span></span></span></span></span></span></span></span></span></span></span></span></span></span></span></h2>
<h3 style=""margin: 0px 0px 9px; text-align: start; -webkit-text-stroke-width: 0px;""><span style=""font-size:14px;""><span style=""box-sizing:border-box""><span style=""color:#000000""><span style=""font-family:Arimo, sans-serif""><span style=""font-style:normal""><span style=""font-variant-ligatures:normal""><span style=""font-variant-caps:normal""><span style=""font-weight:normal""><span style=""letter-spacing:normal""><span style=""orphans:2""><span style=""text-transform:none""><span style=""white-space:normal""><span style=""widows:2""><span style=""word-spacing:0px""><span style=""background-color:#ffffff""><span style=""text-decoration-style:initial""><span style=""text-decoration-color:initial""><span font-size:="""" helvetica="""" line-height:="""" neue="""" sans-serif="""" style=""box-sizing:border-box""><span style=""color:#3e3e3e"">Kích cỡ&nbsp;</span></span></span></span></span></span></span></span></span></span></span></span></span></span></span></span></span><em><strong><span style=""font-family:Arimo, sans-serif""><span style=""font-style:normal""><span style=""font-variant-ligatures:normal""><span style=""font-variant-caps:normal""><span style=""font-weight:normal""><span style=""letter-spacing:normal""><span style=""orphans:2""><span style=""text-transform:none""><span style=""white-space:normal""><span style=""widows:2""><span style=""word-spacing:0px""><span style=""background-color:#ffffff""><span style=""text-decoration-style:initial""><span style=""text-decoration-color:initial""><font face=""Helvetica Neue, Helvetica, sans-serif""><font style=""box-sizing:border-box""><span style=""text-align: justify;""><span style=""box-sizing:border-box""><span style=""line-height:21px""><a href=""https://kunmiu.vn/dem-long-tui-van-chuyen""><span style=""color:#3498db"">Lồng sơn tĩnh điện nan dày cho thú cưng</span></a></span></span></span></font></font></span></span></span></span></span></span></span></span></span></span></span></span></span></span></strong></em><span style=""color:#000000""><span style=""font-family:Arimo, sans-serif""><span style=""font-style:normal""><span style=""font-variant-ligatures:normal""><span style=""font-variant-caps:normal""><span style=""font-weight:normal""><span style=""letter-spacing:normal""><span style=""orphans:2""><span style=""text-transform:none""><span style=""white-space:normal""><span style=""widows:2""><span style=""word-spacing:0px""><span style=""background-color:#ffffff""><span style=""text-decoration-style:initial""><span style=""text-decoration-color:initial""><span font-size:="""" helvetica="""" line-height:="""" neue="""" sans-serif="""" style=""box-sizing:border-box""><span style=""color:#3e3e3e""> :</span></span></span></span></span></span></span></span></span></span></span></span></span></span></span></span></span></span></span></h3>
<p><span style=""font-size:14px;""><span style=""box-sizing:border-box""><span style=""color:#000000""><span style=""font-family:Arimo, sans-serif""><span style=""font-style:normal""><span style=""font-variant-ligatures:normal""><span style=""font-variant-caps:normal""><span style=""font-weight:normal""><span style=""letter-spacing:normal""><span style=""orphans:2""><span style=""text-transform:none""><span style=""white-space:normal""><span style=""widows:2""><span style=""word-spacing:0px""><span style=""background-color:#ffffff""><span style=""text-decoration-style:initial""><span style=""text-decoration-color:initial""><span font-size:="""" helvetica="""" line-height:="""" neue="""" sans-serif="""" style=""box-sizing:border-box""><span style=""color:#3e3e3e"">Tại sao bạn yên tâm khi chọn quây sơn tĩnh điện?<br>
♦ Công nghệ sơn tĩnh điện: mang lại cho sản phẩm cực nhiều ưu điểm (là công nghệ sơn tiên tiến dựa trên nguyên lý 2 ion ngược dấu sẽ hút nhau):<br>
&nbsp; &nbsp; &nbsp;+ bột sơn không có dung môi =&gt; vô cùng an toàn, không sợ cháy.<br>
&nbsp; &nbsp; &nbsp;+ không dẫn điện.<br>
&nbsp; &nbsp; &nbsp;+ không sợ kim loại bị ăn mòn, ion hóa khi sử dụng nhiều ở ngoài trời, độ bền của sản phẩm cao hơn sơn thường rất nhiều.<br>
&nbsp; &nbsp; &nbsp;+ khả năng chịu nhiệt cao, không bị ảnh hưởng của môi trường nóng hay lạnh, tăng tuổi thọ cho sản phẩm.<br>
&nbsp; &nbsp; &nbsp;+ dễ dàng lau chùi, vệ sinh.<br>
&nbsp; &nbsp; &nbsp;+ thân thiện với môi trường.</span></span></span></span></span></span></span></span></span></span></span></span></span></span></span></span></span></span></span></p>
<p><span style=""font-size:14px;""><span style=""box-sizing:border-box""><span style=""color:#000000""><span style=""font-family:Arimo, sans-serif""><span style=""font-style:normal""><span style=""font-variant-ligatures:normal""><span style=""font-variant-caps:normal""><span style=""font-weight:normal""><span style=""letter-spacing:normal""><span style=""orphans:2""><span style=""text-transform:none""><span style=""white-space:normal""><span style=""widows:2""><span style=""word-spacing:0px""><span style=""background-color:#ffffff""><span style=""text-decoration-style:initial""><span style=""text-decoration-color:initial""><span font-size:="""" helvetica="""" line-height:="""" neue="""" sans-serif="""" style=""box-sizing:border-box""><span style=""color:#3e3e3e"">&nbsp;♦ Thiết kế thông thoáng, không gian rộng: Lồng sắt sơn tĩnh điện này sẽ tạo cho pet yêu của bạn cảm giác thoải mái, không cảm thấy bức bí. Bạn cũng có thể đặt thêm các dụng cụ khác như đồ chơi để chúng chơi hay tấm lót bên trong để có thể chúng không cảm thấy lạnh hoặc đơn giản cho sạch hơn, cũng sẽ rất tiện lợi. Sản phẩm này dường như là đã tạo lên một không gian nhỏ cho Pet yêu của bạn.</span></span></span></span></span></span></span></span></span></span></span></span></span></span></span></span></span></span></span></p>
<p><span style=""font-size:14px;""><span style=""box-sizing:border-box""><span style=""color:#000000""><span style=""font-family:Arimo, sans-serif""><span style=""font-style:normal""><span style=""font-variant-ligatures:normal""><span style=""font-variant-caps:normal""><span style=""font-weight:normal""><span style=""letter-spacing:normal""><span style=""orphans:2""><span style=""text-transform:none""><span style=""white-space:normal""><span style=""widows:2""><span style=""word-spacing:0px""><span style=""background-color:#ffffff""><span style=""text-decoration-style:initial""><span style=""text-decoration-color:initial""><span font-size:="""" helvetica="""" line-height:="""" neue="""" sans-serif="""" style=""box-sizing:border-box""><span style=""color:#3e3e3e"">&nbsp;♦ Linh động, dễ dàng gấp gọn: Lồng chó mèo được thiết kế có thể gấp gọn được, bởi vậy khi không cần sử dụng đến, hay khi di chuyển chúng ta có thể gấp gọn gàng lại được một cách rất dễ dàng, vừa ngăn nắp, vừa tiện lợi phải không ạ.</span></span></span></span></span></span></span></span></span></span></span></span></span></span></span></span></span></span></span></p>
<p><span style=""font-size:14px;""><span style=""box-sizing:border-box""><span style=""color:#000000""><span style=""font-family:Arimo, sans-serif""><span style=""font-style:normal""><span style=""font-variant-ligatures:normal""><span style=""font-variant-caps:normal""><span style=""font-weight:normal""><span style=""letter-spacing:normal""><span style=""orphans:2""><span style=""text-transform:none""><span style=""white-space:normal""><span style=""widows:2""><span style=""word-spacing:0px""><span style=""background-color:#ffffff""><span style=""text-decoration-style:initial""><span style=""text-decoration-color:initial""><span font-size:="""" helvetica="""" line-height:="""" neue="""" sans-serif="""" style=""box-sizing:border-box""><span style=""color:#3e3e3e"">♦ Thiết kế thông minh 2 cửa giúp thuận tiện khi sử dụng<br>
♦ Kích cỡ : &nbsp;<br>
+ Cỡ nhỏ: 46x40x32cm<br>
+ Cỡ trung: 60x52x42cm<br>
+ Cỡ to: 76x47x50cm<br>
+ Cỡ đại: 90x70x58cm</span></span></span></span></span></span></span></span></span></span></span></span></span></span></span></span></span></span></span></p>
<p style=""margin: 0px 0px 9px; text-align: start; -webkit-text-stroke-width: 0px;""><span style=""font-size:14px;"">- <span style=""box-sizing:border-box""><em><strong><span style=""font-family:Arimo, sans-serif""><span style=""font-style:normal""><span style=""font-variant-ligatures:normal""><span style=""font-variant-caps:normal""><span style=""font-weight:normal""><span style=""letter-spacing:normal""><span style=""orphans:2""><span style=""text-transform:none""><span style=""white-space:normal""><span style=""widows:2""><span style=""word-spacing:0px""><span style=""background-color:#ffffff""><span style=""text-decoration-style:initial""><span style=""text-decoration-color:initial""><font face=""Helvetica Neue, Helvetica, sans-serif""><font style=""box-sizing:border-box""><span style=""text-align: justify;""><span style=""box-sizing:border-box""><span style=""line-height:21px""><a href=""https://kunmiu.vn/dem-long-tui-van-chuyen""><span style=""color:#3498db"">Lồng sơn tĩnh điện nan dày cho thú cưng</span></a></span></span></span></font></font></span></span></span></span></span></span></span></span></span></span></span></span></span></span></strong></em></span> được bán tại Kún Miu <a href=""http://kunmiu.vn"">pet shop</a></span></p>
									</div>"
Balo Vận Chuyển Chó Mèo,180.000₫,"+ Balo vận chuyển chó mèo, kiểu dáng và màu sắc đẹp, hấp dẫn thú cưng nhà bạn, chất liệu bền, chắc chắn, nhiều màu sắc cho bạn lựa chọn.
+Balo vận chuyển chó mèo  có tay cầm, có khóa kéo, có lỗ thoáng gió.
+ Balo vận chuyển chó mèo dễ sử dụng, túi cứng thoải mái cho chó mèo vận động bên trong mà không sợ kích ứng
Dài 29cm - Rộng 23cm - Cao 34cm
- Sản phẩm được bán tại Kún Miu pet shop",https://bizweb.dktcdn.net/100/229/172/products/balo-van-chuyen-cho-meo-1-min.jpg?v=1532867754830,"<div class=""std"">
										<h1><span style=""font-size:14px;"">+&nbsp;<a href=""https://kunmiu.vn/dem-long-tui-van-chuyen""><b><i></i><i>Balo vận chuyển chó mèo</i><i></i></b></a>, kiểu dáng và màu sắc đẹp, hấp dẫn thú cưng nhà bạn, chất liệu bền, chắc chắn, nhiều màu sắc cho bạn lựa chọn.</span></h1>
<h2><span style=""font-size:14px;"">+<b><a href=""https://kunmiu.vn/dem-long-tui-van-chuyen""><i></i><i>Balo vận chuyển chó mèo</i><i></i></a>&nbsp;</b>&nbsp;có tay cầm, có khóa kéo, có lỗ thoáng gió.</span></h2>
<h3><span style=""font-size:14px;"">+ <b><a href=""https://kunmiu.vn/dem-long-tui-van-chuyen""><i></i><i>Balo vận chuyển chó mèo</i><i></i></a>&nbsp;d</b>ễ sử dụng, túi cứng thoải mái cho chó mèo vận động bên trong mà không sợ kích ứng</span></h3>
<p><span style=""font-size:14px;""><strong>Dài 29cm - Rộng 23cm - Cao 34cm</strong></span></p>
<p><span style=""font-size:14px;"">- Sản phẩm được bán tại Kún Miu <a href=""http://kunmiu.vn"">pet shop</a></span></p>
									</div>"
Đệm Chữ Nhật Cho Chó Mèo 2023 Màu Ngẫu Nhiên,170.000₫,"THÔNG TIN CHI TIẾT
 Sản phẩm  Đệm chữ nhật cho chó mèo 2023 màu ngẫu nhiên
 Chất liệu  Vải cotton, bông gòn mềm
 HDSD  Làm ổ đệm cho thú cưng
 Kích thước  Size M & L
 Màu sắc   5 màu: tím, be, xanh lá cây, xanh lam, xanh nước biển
MÔ TẢ SẢN PHẨM
Đệm chữ nhật cho chó mèo 2023 màu ngẫu nhiên được làm từ bông cao cấp, mang đến cho cún miu cảm giác mềm mại, êm ái trong từng giấc ngủ. 
Đệm chữ nhật cho chó mèo 2023 màu ngẫu nhiên có thiết kế hình chữ nhật vững chãi cùng thành bông cao quây quanh thú cưng, tạo nên sự ấm áp tuyệt vời. Bên cạnh đó, sợi bông chất lượng được nhồi chặt sẽ làm chó mèo nhà bạn cảm thấy êm ái và thoải mái.
Đệm chữ nhật cho chó mèo 2023 màu ngẫu nhiên có màu sắc và hoạ tiết ngộ nghĩnh, đáng yêu. Chắc chắn bạn sẽ muốn mua ngay cho Boss ngay khi nhìn thấy sản phẩm này đó!
Sản phẩm có 5 màu sắc và 2 size M và L để bạn lựa chọn phù hợp với cân nặng của thú cưng.
 ",https://bizweb.dktcdn.net/100/229/172/products/de-m-chu-nha-t-5.jpg?v=1700556578643,"<div class=""std"">
										<p><strong>THÔNG TIN CHI TIẾT</strong></p>
<table align=""center"" border=""1"" cellpadding=""1"" cellspacing=""1"" style=""height:380px;width:380px;"">
<tbody>
<tr>
	<td>&nbsp;Sản phẩm</td>
	<td>&nbsp;Đệm chữ nhật cho chó mèo 2023 màu ngẫu nhiên</td>
</tr>
<tr>
	<td>&nbsp;Chất liệu</td>
	<td><strong>&nbsp;Vải cotton, bông gòn mềm</strong></td>
</tr>
<tr>
	<td>&nbsp;HDSD</td>
	<td>&nbsp;Làm ổ đệm cho thú cưng</td>
</tr>
<tr>
	<td>&nbsp;Kích thước</td>
	<td>&nbsp;Size M &amp; L</td>
</tr>
<tr>
	<td>&nbsp;Màu sắc&nbsp;</td>
	<td><strong>&nbsp;5 màu: tím, be, xanh lá cây, xanh lam, xanh nước biển</strong></td>
</tr>
</tbody></table>
<p><strong>MÔ TẢ SẢN PHẨM</strong></p>
<h1 style=""text-align: justify;""><span style=""font-size:14px;""><a href=""http://kunmiu.vn""><u><em><strong>Đệm chữ nhật cho chó mèo 2023 màu ngẫu nhiên</strong></em></u></a>&nbsp;được làm từ bông cao cấp, mang đến cho cún miu cảm giác mềm mại, êm ái trong từng giấc ngủ.&nbsp;</span></h1>
<h2 style=""text-align: justify;""><span style=""font-size:14px;""><a href=""http://kunmiu.vn""><u><em><strong>Đệm chữ nhật cho chó mèo 2023 màu ngẫu nhiên</strong></em></u></a> có thiết kế hình chữ nhật&nbsp;vững chãi cùng thành bông cao&nbsp;quây quanh thú cưng, tạo nên sự ấm áp tuyệt vời. Bên cạnh đó, sợi bông chất lượng được nhồi chặt sẽ làm chó mèo nhà bạn cảm thấy êm ái và thoải mái.</span></h2>
<h3 style=""text-align: justify;""><span style=""font-size:14px;""><a href=""http://kunmiu.vn""><u><em><strong>Đệm chữ nhật cho chó mèo 2023 màu ngẫu nhiên</strong></em></u></a> có màu sắc và hoạ tiết&nbsp;ngộ nghĩnh, đáng yêu. Chắc chắn bạn sẽ muốn mua ngay cho Boss ngay khi nhìn thấy sản phẩm này đó!</span></h3>
<p><span style=""font-size:14px;"">Sản phẩm có 5 màu sắc và 2 size M và L để bạn lựa chọn phù hợp với cân nặng của thú cưng.</span></p>
<table align=""center"" border=""1"" cellpadding=""1"" cellspacing=""1"" style=""height:380px;width:380px;"">
<tbody>
<tr>
	<td><a href=""http://kunmiu.vn""><img src=""https://bizweb.dktcdn.net/thumb/grande/100/229/172/products/de-m-chu-nha-t.jpg?v=1700556577650""></a></td>
</tr>
</tbody></table>
<p>&nbsp;</p>
									</div>"
Balo Phi Hành Gia Cho Thú Cưng,350.000₫,"Balo phi hành gia cho thú cưng là mẫu túi, balo vận chuyển chó mèo phảng phất hình dáng của tên lửa. Với sản phẩm này, chó mèo cưng của bạn có thể nhìn ra thế giới bên ngoài dưới lăng kính của một phi hành gia.
Dòng sản phẩm Balo phi hành gia cho thú cưng túi đựng có cửa sổ với thiết kế cơ bản giống ba lô và túi xách thông thường..
Điểm đặc biệt nằm ở khung cửa sổ hình bán cầu làm từ nhựa trong suốt của túi. Cửa sổ này không chỉ giúp chủ nhân dễ dàng trông coi vật nuôi mà còn cho phép vật nuôi ngắm nhìn khung cảnh bên ngoài.
Sản phẩm được làm từ những chất liệu thân thiện, không độc hại và nhất là dễ dàng lau chùi khi bám bẩn.
Hơn nữa, hãng còn thiết kế hệ thống lỗ thoát khí để giảm thiểu tối đa cảm giác bí bách cho vật nuôi mỗi khi nằm bên trong.
 Balo phi hành gia cho thú cưng vừa với bé nhẹ hơn 6kg
Kích cỡ : 44x30x28 (cm)
- Sản phẩm được bán tại Kún Miu pet shop
 ",https://bizweb.dktcdn.net/100/229/172/products/balo-phi-hanh-gia-4-min.jpg?v=1533606554913,"<div class=""std"">
										<h1><span style=""font-size:14px;""><strong><a href=""https://kunmiu.vn/dem-long-tui-van-chuyen""><span style=""color:#3498db;""><em>Balo phi hành gia cho thú cưng</em></span></a></strong> là mẫu túi, balo&nbsp;<a href=""https://kunmiu.vn/dem-long-tui-van-chuyen"">vận chuyển chó mèo</a>&nbsp;phảng phất hình dáng của tên lửa. Với sản phẩm này, chó mèo cưng của bạn có thể nhìn ra thế giới bên ngoài dưới lăng kính của một phi hành gia.</span></h1>
<h2><span style=""font-size:14px;"">Dòng sản phẩm&nbsp;<strong><a href=""https://kunmiu.vn/dem-long-tui-van-chuyen""><span style=""color:#3498db;""><em>Balo phi hành gia cho thú cưng</em></span></a></strong> túi đựng có cửa sổ với thiết kế cơ bản giống ba lô và túi xách thông thường..</span></h2>
<p><span style=""font-size:14px;"">Điểm đặc biệt nằm ở khung cửa sổ hình bán cầu làm từ nhựa trong suốt của túi. Cửa sổ này không chỉ giúp chủ nhân dễ dàng trông coi vật nuôi mà còn cho phép vật nuôi ngắm nhìn khung cảnh bên ngoài.</span></p>
<p><span style=""font-size:14px;"">Sản phẩm được làm từ những chất liệu thân thiện, không độc hại và nhất là dễ dàng lau chùi khi bám bẩn.</span></p>
<p><span style=""font-size:14px;"">Hơn nữa, hãng còn thiết kế hệ thống lỗ thoát khí để giảm thiểu tối đa cảm giác bí bách cho vật nuôi mỗi khi nằm bên trong.</span></p>
<h3><span style=""font-size:14px;"">&nbsp;<strong><a href=""https://kunmiu.vn/dem-long-tui-van-chuyen""><span style=""color:#3498db;""><em>Balo phi hành gia cho thú cưng</em></span></a></strong> vừa với bé nhẹ hơn 6kg</span></h3>
<p><span style=""font-size:14px;"">Kích cỡ : 44x30x28 (cm)</span></p>
<p><span style=""font-size:14px;"">- Sản phẩm được bán tại Kún Miu <a href=""http://kunmiu.vn"">pet shop</a></span></p>
<p>&nbsp;</p>
									</div>"
Túi Vận Chuyển Chó Mèo (Tvc),130.000₫,"THÔNG TIN CHI TIẾT.
 Thương hiệu  Kún Miu
 Xuất xứ TH  Việt Nam
 Chất liệu  Nhựa và vải
 HDSD  Dùng khi muốn vận chuyển thú cưng
 Xuất xứ  Trung Quốc
 Kích cỡ  Size S, M, L
MÔ TẢ SẢN PHẨM
Túi vận chuyển chó mèo kiểu dáng và màu sắc đẹp, hấp dẫn thú cưng nhà bạn, chất liệu bền, chắc chắn, nhiều màu sắc cho bạn lựa chọn
Túi vận chuyển chó mèo Có tay cầm, có khóa kéo cùng lỗ thoáng gió rất tiện lợi cho cả bạn và thú cưng mỗi khi di chuyển.
Túi vận chuyển chó mèo dễ sử dụng, túi cứng thoải mái cho chó mèo vận động bên trong mà không sợ kích ứng
Cỡ S : Dài 33cm - Rộng 18cm - Cao 22cm
Cỡ M : Dài 39cm - Rộng 22cm - Cao 26cm 
Cỡ L :Dài 46cm - Rộng 24cm - Cao 28cm.",https://bizweb.dktcdn.net/100/229/172/products/tui-v-n-chuy-n-1000px-min.jpg?v=1532868044677,"<div class=""std"">
										<p style=""text-align: justify;""><strong>THÔNG TIN CHI TIẾT.</strong></p>
<table align=""center"" border=""1"" cellpadding=""1"" cellspacing=""1"" style=""height:380px;width:380px;"">
<tbody>
<tr>
	<td>&nbsp;Thương hiệu</td>
	<td>&nbsp;Kún Miu</td>
</tr>
<tr>
	<td>&nbsp;Xuất xứ TH</td>
	<td>&nbsp;Việt Nam</td>
</tr>
<tr>
	<td>&nbsp;Chất liệu</td>
	<td>&nbsp;<strong>Nhựa và vải</strong></td>
</tr>
<tr>
	<td>&nbsp;HDSD</td>
	<td><strong>&nbsp;Dùng khi muốn vận chuyển thú cưng</strong></td>
</tr>
<tr>
	<td>&nbsp;Xuất xứ</td>
	<td>&nbsp;Trung Quốc</td>
</tr>
<tr>
	<td>&nbsp;Kích cỡ</td>
	<td>&nbsp;Size S, M, L</td>
</tr>
</tbody></table>
<p style=""text-align: justify;""><strong>MÔ TẢ SẢN PHẨM</strong></p>
<h1 style=""text-align: justify;""><span style=""font-size:14px;""><a href=""https://kunmiu.vn/dem-long-tui-van-chuyen""><b><i>Túi vận chuyển chó mèo</i><i></i></b></a> kiểu dáng và màu sắc đẹp, hấp dẫn thú cưng nhà bạn, chất liệu bền, chắc chắn, nhiều màu sắc cho bạn lựa chọn</span></h1>
<h2 style=""text-align: justify;""><span style=""font-size:14px;""><b><a href=""https://kunmiu.vn/dem-long-tui-van-chuyen""><i>Túi vận chuyển chó mèo</i><i></i></a>&nbsp;</b>Có tay cầm, có khóa kéo cùng lỗ thoáng gió rất tiện lợi cho cả bạn và thú cưng mỗi khi di chuyển.</span></h2>
<h3 style=""text-align: justify;""><span style=""font-size:14px;""><b><a href=""https://kunmiu.vn/dem-long-tui-van-chuyen""><i>Túi vận chuyển chó mèo</i><i></i></a>&nbsp;</b>dễ sử dụng, túi cứng thoải mái cho chó mèo vận động bên trong mà không sợ kích ứng</span></h3>
<p style=""text-align: justify;""><span style=""font-size:14px;""><strong>Cỡ S : Dài 33cm - Rộng 18cm - Cao 22cm</strong></span></p>
<p style=""text-align: justify;""><span style=""font-size:14px;""><strong>Cỡ M :&nbsp;</strong><strong>Dài 39cm - Rộng 22cm - Cao 26cm</strong><strong>&nbsp;</strong></span></p>
<p style=""text-align: justify;""><span style=""font-size:14px;""><strong>Cỡ L :</strong><strong>Dài 46cm - Rộng 24cm - Cao 28cm.</strong></span></p>
<p><a href=""https://kunmiu.vn/tui-van-chuyen-cho-meo"" target=""_parent""><img alt=""Túi vận chuyển chó mèo nhiều màu"" src=""https://bizweb.dktcdn.net/thumb/grande/100/229/172/products/tui-v-n-chuy-n-1000px-min.jpg?v=1532868044677""></a><a href=""https://kunmiu.vn/tui-van-chuyen-cho-meo"" target=""_parent""><img alt=""Túi vận chuyển chó mèo"" src=""https://bizweb.dktcdn.net/thumb/grande/100/229/172/products/tui-van-chuyen-1-min.jpg?v=1532868037810""></a><a href=""https://kunmiu.vn/tui-van-chuyen-cho-meo"" target=""_parent""><img alt=""Túi vận chuyển chó mèo nhiều màu"" src=""https://bizweb.dktcdn.net/thumb/grande/100/229/172/products/tui-van-chuyen-3-min.jpg?v=1532868037810""></a></p>
									</div>"
Balo Bọ Rùa Trong Suốt Cho Chó Mèo,450.000₫,"Balo bọ rùa trong suốt cho chó mèo là phụ kiện không thể thiếu nếu các bạn đang nuôi boss mèo hoặc boss cún nhỏ. Boss nhà mình xinh thì phải cho ra đường khoe với mọi người phải không ạ..
Thông tin chung
️ Kích thước (dài x rộng x cao ): 46 x 37 x 40cm .
️ Màu sắc : Màu Kem Trắng Ngà, Hồng Nhạt, Xanh Pastel, Xám
Đặc điểm Balo bọ rùa trong suốt cho chó mèo :
️ Balo trong suốt hình con bọ cho thú cưng được làm bằng vật liệu nhựa ABS , chất lượng cao, không thấm nước và dễ dàng vệ sinh lau chùi.
️ Chất liệu vải oxford sáng màu không thấm nước. Các lỗ phía ở hai bên được thiết kế để thông gió cho thú cưng thở.
️ Dây đeo vai thoải mái, thiết kế có đai ngực, vì vậy người đeo sẽ cảm thấy thoải mái khi vận chuyển thú cưng
️Sản phẩm có thể được sử dụng làm đẹm ngủ cho thú cưng.
️Sản phẩm rất dễ dàng tháo lắp, chùi rửa và vệ sinh ️ Phù hợp với mèo và chó cún cỡ nhỏ với trọng lượng dưới 5kg.",https://bizweb.dktcdn.net/100/229/172/products/67.jpg?v=1591031960750,"<div class=""std"">
										<h2><span style=""font-size:14px;""><a href=""https://kunmiu.vn/""><span style=""color:#3498db;""><em><strong>Balo bọ rùa trong suốt cho chó mèo</strong></em></span></a> là phụ kiện không thể thiếu nếu các bạn đang nuôi boss mèo hoặc boss cún nhỏ. Boss nhà mình xinh thì phải cho ra đường khoe với mọi người phải không ạ..</span></h2>
<p><span style=""font-size:14px;"">Thông tin chung</span></p>
<p><span style=""font-size:14px;"">️ Kích thước (dài x rộng x cao ): 46 x 37 x 40cm .</span></p>
<p><span style=""font-size:14px;"">️ Màu sắc : Màu Kem Trắng Ngà, Hồng Nhạt, Xanh Pastel, Xám</span></p>
<h3><span style=""font-size:14px;"">Đặc điểm&nbsp;<span style=""color:#3498db;""><em><strong><a href=""https://kunmiu.vn/"">Balo bọ rùa trong suốt cho chó mèo</a>&nbsp;:</strong></em></span></span></h3>
<p><span style=""font-size:14px;"">️ Balo trong suốt hình con bọ cho thú cưng được làm bằng vật liệu nhựa ABS , chất lượng cao, không thấm nước và dễ dàng vệ sinh lau chùi.</span></p>
<p><span style=""font-size:14px;"">️ Chất liệu vải oxford sáng màu không thấm nước. Các lỗ phía ở hai bên được thiết kế để thông gió cho thú cưng thở.</span></p>
<p><span style=""font-size:14px;"">️ Dây đeo vai thoải mái, thiết kế có đai ngực, vì vậy người đeo sẽ cảm thấy thoải mái khi vận chuyển thú cưng</span></p>
<p><span style=""font-size:14px;"">️Sản phẩm có thể được sử dụng làm đẹm ngủ cho thú cưng.</span></p>
<p><span style=""font-size:14px;"">️Sản phẩm rất dễ dàng tháo lắp, chùi rửa và vệ sinh ️ Phù hợp với mèo và chó cún cỡ nhỏ với trọng lượng dưới 5kg.</span></p>
									</div>"
"Tấm Nhựa Dẻo Lót Sàn, Chuồng Cho Chó Mèo",20.000₫,"Tấm nhựa dẻo lót chuồng cho chó mèo được làm từ nhựa nên có độ dẻo dai cao, thân thiện với môi trường, cách nhiệt và thoáng khí rất tốt, được đặt trong lồng, có thể để làm chân đế chuống của vật nuôi nhỏ trong lồng để di chuyển thoải mái hơn
Tấm nhựa dẻo lót chuồng chịu được lực lớn, chống chịu được nhiệt độ môi trường khắc nhiệt mà ko làm biếng dạng sản phẩm, các khớp nối lắp ghép dễ dàng..
Đường kính của lỗ là 1.4cm, một tỉ lệ phù hợp để những vật nuôi nhỏ không bị thọt chân xuống chuồng khi mắt chuồng quá to, mùa hè cách nhiệt, mùa đông giữ ấm, phòng chống  móng vuốt của những vật nuôi nhỏ biến dạng, phòng chống viêm da chân.
Kích thước: 20x30cm.",https://bizweb.dktcdn.net/100/229/172/products/tam-nhua-deo-lot-san-3.jpg?v=1582064136097,"<div class=""std"">
										<p>Tấm nhựa dẻo lót chuồng cho chó mèo&nbsp;được làm&nbsp;từ nhựa nên có độ dẻo dai cao, thân thiện với môi trường, cách nhiệt và thoáng khí rất tốt, được đặt trong lồng, có thể để làm chân đế chuống của vật nuôi nhỏ trong lồng để di chuyển thoải mái hơn</p>
<p>Tấm nhựa dẻo lót chuồng&nbsp;chịu được lực lớn, chống chịu được nhiệt độ môi trường khắc nhiệt mà ko làm biếng dạng sản phẩm, các khớp nối lắp ghép dễ dàng..</p>
<p>Đường kính của lỗ là 1.4cm, một tỉ lệ phù hợp để những vật nuôi nhỏ không bị thọt chân xuống chuồng khi mắt chuồng quá to, mùa hè cách nhiệt, mùa đông giữ ấm, phòng chống&nbsp; móng vuốt của những vật nuôi nhỏ biến dạng, phòng chống viêm da chân.</p>
<p><strong>Kích thước</strong>: 20x30cm.</p>
									</div>"
Đệm Tròn Cho Chó Mèo 2023 Màu Ngẫu Nhiên,170.000₫,"THÔNG TIN CHI TIẾT
 Sản phẩm  Đệm tròn cho chó mèo 2023 màu ngẫu nhiên
 Chất liệu  Vải cotton, bông gòn mềm cao cấp
 HDSD  Làm ổ đệm cho thú cưng
 Màu sắc 
 Vàng, tím, xanh dương, xanh lam, xanh nước biển
MÔ TẢ SẢN PHẨM
Đệm tròn cho chó mèo 2023 màu ngẫu nhiên nổi tiếng với chất lượng cao cấp, đảm bảo sẽ đồng hành cùng các Boss qua mùa đông lạnh giá này.
Đệm tròn cho chó mèo 2023 màu ngẫu nhiên có cấu trúc hình tròn với thành quây xung quanh được nhồi bông để giữ ấm cho thú cưng tối đa. Thêm vào đó, lớp đệm ở dưới vô cùng êm ái khiến thú cưng có những giấc ngủ ngon. Mặt bông và vải cotton mềm mịn, nhồi bông mềm mại.
Đệm tròn cho chó mèo 2023 màu ngẫu nhiên là sản phẩm chất lượng, với thiết kế đẹp mắt, đường may chắc chắn, độ bền cao. Vậy nên hãy mang ngay sản phẩm này về cho Boss nhà bạn thôi nào!
 ",https://bizweb.dktcdn.net/100/229/172/products/de-m-tro-n-cho-cho-me-o-2023.jpg?v=1700556984330,"<div class=""std"">
										<p><strong>THÔNG TIN CHI TIẾT</strong></p>
<table align=""center"" border=""1"" cellpadding=""1"" cellspacing=""1"" style=""height:380px;width:380px;"">
<tbody>
<tr>
	<td>&nbsp;Sản phẩm</td>
	<td>&nbsp;Đệm tròn cho chó mèo 2023 màu ngẫu nhiên</td>
</tr>
<tr>
	<td>&nbsp;Chất liệu</td>
	<td><strong>&nbsp;Vải cotton, bông gòn mềm cao cấp</strong></td>
</tr>
<tr>
	<td>&nbsp;HDSD</td>
	<td>&nbsp;Làm ổ đệm cho thú cưng</td>
</tr>
<tr>
	<td>&nbsp;Màu sắc&nbsp;</td>
	<td>
	<p><strong>&nbsp;Vàng, tím, xanh dương, xanh lam, xanh nước biển</strong></p></td>
</tr>
</tbody></table>
<p><strong>MÔ TẢ SẢN PHẨM</strong></p>
<h1 style=""text-align: justify;""><span style=""font-size:14px;""><a href=""http://kunmiu.vn""><u><em><strong>Đệm tròn cho chó mèo 2023 màu ngẫu nhiên</strong></em></u></a> nổi tiếng với chất lượng cao cấp, đảm bảo sẽ&nbsp;đồng hành cùng các Boss qua mùa đông lạnh giá này.</span></h1>
<h2 style=""text-align: justify;""><span style=""font-size:14px;""><a href=""http://kunmiu.vn""><u><em><strong>Đệm tròn cho chó mèo 2023 màu ngẫu nhiên</strong></em></u></a> có cấu trúc&nbsp;hình tròn với thành quây xung quanh được nhồi bông để giữ ấm cho thú cưng tối đa. Thêm vào đó, lớp&nbsp;đệm ở dưới&nbsp;vô cùng êm ái khiến thú cưng có những giấc ngủ ngon. Mặt bông và vải cotton&nbsp;mềm mịn, nhồi bông mềm mại.</span></h2>
<h3 style=""text-align: justify;""><span style=""font-size:14px;""><a href=""http://kunmiu.vn""><em><u><strong>Đệm tròn cho chó mèo 2023 màu ngẫu nhiên</strong></u></em></a>&nbsp;là sản phẩm chất lượng, với thiết kế đẹp mắt, đường may chắc chắn, độ bền cao. Vậy nên hãy mang ngay sản phẩm này về cho Boss nhà bạn thôi nào!</span></h3>
<table align=""center"" border=""1"" cellpadding=""1"" cellspacing=""1"" style=""height:380px;width:380px;"">
<tbody>
<tr>
	<td><a href=""http://kunmiu.vn""><img src=""https://bizweb.dktcdn.net/thumb/grande/100/229/172/products/de-m-tro-n-cho-cho-me-o-2023.jpg?v=1700556984330""></a></td>
</tr>
</tbody></table>
<p>&nbsp;</p>
									</div>"
