name,price,description,link_image,dom,product_option,file_url
Thuốc Tẩy Giun Cho Mèo Drontal For Cat 1 Viên,38.000₫,"Thuốc tẩy giun cho mèo Drontal for Cat 1 viên dùng để kiểm soát tất cả giun ở đường tiêu hóa bao gồm cả sán dây,giun đũa.giun móc trên mèo..",https://bizweb.dktcdn.net/100/229/172/products/drontal-2-800px.jpg?v=1536834448783,"<div class=""std"">
										<article>
<h1><span style=""font-size:14px;""><a href=""https://kunmiu.vn/thuoc-giun-san""><strong><em>Thuốc tẩy giun cho mèo Drontal for Cat</em></strong></a></span></h1>
<p><a href=""https://kunmiu.vn/thuoc-giun-san""><span style=""font-size:14px;""><img src=""https://bah.bayer.vn/static/media/images/upload/files/Drotal_cat.jpg""></span></a></p>
<p><span style=""font-size:14px;""><strong>Thành phần.</strong></span></p>
<p><span style=""font-size:14px;"">Một viên Drontal® AllWormer for Cats chứa:</span></p>
<p><span style=""font-size:14px;"">Pyrantel embonate..........................230 mg</span></p>
<p><span style=""font-size:14px;"">Praziquantel........................................20 mg</span></p>
<p><span style=""font-size:14px;""><strong>Công dụng</strong></span></p>
<p>&nbsp;</p>
<p><span style=""font-size:14px;"">Để kiểm soát tất cả giun đường tiêu hóa bao gồm cả sán dây trên mèo.</span></p>
<p><span style=""font-size:14px;"">Giun đũa:&nbsp;<i>Toxocara cati , Toxascaris leonina.</i></span></p>
<p><span style=""font-size:14px;"">Giun móc:&nbsp;<i>Ancylostoma brasiliense, Uncinaria stenocephala</i></span></p>
<p><span style=""font-size:14px;"">Sán dây:&nbsp;<i>Dipylidium caninum, Taenia taeniaeformis</i></span></p>
<h3><span style=""font-size:14px;""><strong>Liều lượng và cách dùng </strong><a href=""https://kunmiu.vn/thuoc-giun-san""><strong><em>Thuốc tẩy giun cho mèo Drontal for Cat</em></strong></a><strong>:</strong></span></h3>
<p><span style=""font-size:14px;"">1 viên thuốc cho 4 kg thể trọng mèo. Drontal chỉ cho uống 1 liều đơn.</span></p>
<p><span style=""font-size:14px;"">Giun có thể không hiện diện trong phân sau khi điều trị hoặc không xuất hiện sau điều trị 48 giờ.</span></p>
<p><span style=""font-size:14px;"">Do Praziquantel có vị đắng, nên cách tốt nhất là cho uống nguyên viên hơn là nghiền viên thuốc ra và trộn vào thức ăn. Có thể cho uống lúc đói hoặc trộn với thức ăn.</span></p>
<table border=""1"" cellpadding=""0"" cellspacing=""0"">
<tbody>
<tr>
	<td valign=""top"" width=""177"">
	<p align=""center""><span style=""font-size:14px;""><strong>Thể trọng</strong></span></p></td>
	<td valign=""top"" width=""198"">
	<p align=""center""><span style=""font-size:14px;""><strong>Viên thuốc</strong></span></p></td>
</tr>
<tr>
	<td valign=""top"" width=""177"">
	<p align=""center""><span style=""font-size:14px;"">1,0 – 2,0 kg</span></p></td>
	<td valign=""top"" width=""198"">
	<p align=""center""><span style=""font-size:14px;"">½</span></p></td>
</tr>
<tr>
</tr>
<tr>
	<td valign=""top"" width=""177"">
	<p align=""center""><span style=""font-size:14px;"">2,1 – 4,0 kg</span></p></td>
	<td valign=""top"" width=""198"">
	<p align=""center""><span style=""font-size:14px;"">1</span></p></td>
</tr>
<tr>
</tr>
<tr>
	<td valign=""top"" width=""177"">
	<p align=""center""><span style=""font-size:14px;"">4,1 – 6,0 kg</span></p></td>
	<td valign=""top"" width=""198"">
	<p align=""center""><span style=""font-size:14px;"">1 ½</span></p></td>
</tr>
<tr>
</tr>
<tr>
	<td valign=""top"" width=""177"">
	<p align=""center""><span style=""font-size:14px;"">6,1 – 8 kg</span></p></td>
	<td valign=""top"" width=""198"">
	<p align=""center""><span style=""font-size:14px;"">2</span></p></td>
</tr>
<tr>
</tr>
</tbody></table>
<p><span style=""font-size:14px;"">Mèo rất dễ nhiễm giun, do đó cần điều trị cho mèo và giảm vấy nhiễm môi trường bằng cách dọn sạch phân mỗi ngày. Đồng thời kiểm soát kí chủ trung gian như bọ chét, chuột.</span></p>
<p><span style=""font-size:14px;""><i>Tóm tắt những khuyến cáo khi điều trị như sau:</i></span></p>
<table border=""1"" cellpadding=""0"" cellspacing=""0"">
<tbody>
<tr>
	<td valign=""top"" width=""177"">
	<p align=""center""><span style=""font-size:14px;""><strong>Mèo con</strong></span></p></td>
	<td valign=""top"" width=""198"">
	<p align=""center""><span style=""font-size:14px;""><strong>Mèo trưởng thành</strong></span></p></td>
	<td valign=""top"" width=""300"">
	<p align=""center""><span style=""font-size:14px;""><strong>Mèo mang thai/ cho con bú</strong></span></p></td>
</tr>
<tr>
	<td valign=""top"" width=""177"">
	<p align=""left""><span style=""font-size:14px;"">Điều trị vào tuần 6, 8, 12; sau đó mỗi 3 tháng.</span></p></td>
	<td valign=""top"" width=""198"">
	<p align=""center""><span style=""font-size:14px;"">Mỗi 3 tháng.</span></p></td>
	<td valign=""top"" width=""300"">
	<p align=""left""><span style=""font-size:14px;"">Trước khi phối giống,10 ngày trước khi sinh và 2,4 tuần sau khi sinh. Sau đó mỗi 3 tháng.</span></p></td>
</tr>
<tr>
</tr>
</tbody></table>
<p><span style=""font-size:14px;"">Nếu có nang sán xuất hiện trước lần điều trị Drontal tiếp theo, có thể điều trị lại bằng Drontal AllWormer for Cats để điều trị sán dây trung gian.</span></p>
<p><span style=""font-size:14px;""><strong>Kiểm soát sự tái nhiễm:</strong></span></p>
<p><span style=""font-size:14px;""><strong>Giun đũa , giun móc:</strong></span></p>
<p><span style=""font-size:14px;"">Giun móc thường truyền cho mèo con qua sữa mẹ và khó để phòng sự lây truyền này. Ngoài ra, cả giun móc và giun đũa đều truyền trứng và ấu trùng qua đất. Giun đũa có thể nhiễm cho mèo qua chuột. Trứng của giun đũa có khả năng đề kháng cao và tồn tại trong đất rất nhiều năm. Vì vậy cần điều trị định kỳ để phòng trứng giun vấy nhiễm ra ngoài môi trường. Mèo con dưới 6 tháng tuổi, mèo mang thai và mèo cho con bú bài thải lượng trứng giun khổng lồ, do đó cần phải kiểm soát giun.</span></p>
<p><span style=""font-size:14px;""><strong>Sán dây:</strong></span></p>
<p><span style=""font-size:14px;"">Do các loài giun sán nhiễm trên mèo thường qua kí chủ trung gian, sự lây nhiễm có thể bị trì hoãn hoặc kiểm soát được bằng cách chặn đường đi của các kí chủ trung gian thường gặp như chuột và bọ chét. Chương trình kiểm soát bọ chét tốt sẽ giúp kiểm soát sán dây bọ chét.</span></p>
<p><span style=""font-size:14px;""><strong>Qui cách:</strong></span></p>
<h2><span style=""font-size:14px;"">Hộp giấy&nbsp;<a href=""https://kunmiu.vn/thuoc-giun-san""><strong><em>Thuốc tẩy giun cho mèo Drontal for Cat</em></strong></a> chứa 96 viên (8 viên/vỉ x 12 vỉ)</span></h2></article>

<h2><span style=""font-size:14px;"">SẢN PHẨM KHÁC</span></h2>
									</div>",Default Title--Hộp 96v 96 Mặc định--,https://bizweb.dktcdn.net/100/229/172/products/drontal-2-800px.jpg?v=1536834448783--https://bizweb.dktcdn.net/100/229/172/products/drontal-800px-1.jpg?v=1536834448783--
"Dầu Tắm Trị Bọ Chét, Ve, Ghẻ, Rận Chó Mèo Hanvet Hantox Hồng (200ml)",45.000₫,,https://bizweb.dktcdn.net/100/229/172/products/sua-tam-hantox-tri-ve-ran-hong-2.jpg?v=1585590652723,"<div class=""std"">
										<p>THÀNH PHẦN<br>
<a href=""https://kunmiu.vn""><em><strong>Sữa tắm trị ve, rận</strong></em></a>, bọ chét cho chó mèo Hantox shampoo chứa Pyrethroid [(1R,3R)-3(2,2-dibromovinyl)-2,2-dimethylcyclorpropane carbocylate(S)-α-cyano-3-phenoxybenzyl] hoạt chất không chứa lân hữu cơ nên ít độc, tác dụng kéo dài, hiệu quả cao, an toàn cho người, vật nuôi..</p>
<p>CÔNG DỤNG<br>
- Diệt và phòng bọ chét, bét, ve, chấy, rận, ghẻ ở chó, mèo, thú nuôi.<br>
* Màu vàng: Ko dùng cho chó mèo con<br>
* Màu xanh: Dùng được cho chó mèo con<br>
* Màu hồng: Dùng được cho chó mèo con + Khử mùi, dưỡng lông</p>
<p>CÁCH DÙNG<br>
- Thấm ướt con vật, lấy lượng thuốc cần thiết, xoa nhẹ, cào đều thuốc khắp mình con vật sao cho tạo nhũ bọt xà phòng để thuốc thấm vào da, chân lông. Tránh để thuốc dây vào mắt, miệng và niêm mạc con vật.<br>
- Để thuốc ngấm khoảng 5 phút rồi gội, tráng bằng nước sạch nhiều lần, sau đó lau và sấy khô, con vật sẽ có bộ lông óng, bông, mượt và không còn bất kỳ loại ký sinh trùng nào nữa.<br>
- Sau khi tắm, các chất xà phòng trôi đi nhưng hoạt chất Pyrethroid vẫn bám lại được ở lông và mô thượng bì nên thuốc có tác dụng lâu dài diệt hay chống tái nhiễm ký sinh trùng.<br>
- Nên tắm cho vật nuôi 15 ngày/ lần đề phòng tái nhiễm ký sinh trùng.</p>
<p>LIỀU DÙNG<br>
Chó, mèo dưới 5 kg: 10 ml<br>
16-35 kg: 40 ml<br>
5-8 kg: 20 ml<br>
9-15 kg: 25 ml<br>
Trên 40 kg: 50 ml</p>
<p>CHÚ Ý<br>
- Chỉ dùng ngoài cho gia súc<br>
- Không để gần lửa, thức ăn.<br>
- Rửa kỹ tay chân hay nơi bị thuốc bắn vào.<br>
- Có thể dùng cho gia súc chửa.<br>
- Để ngoài tầm tay của trẻ em.<br>
BQ: Nơi khô, mát, tránh ánh sang.<br>
HD: 24 tháng kể từ ngày sản xuất.<br>
Quy cách: Lọ 200 ml.</p>
									</div>",No option,https://bizweb.dktcdn.net/100/229/172/products/sua-tam-hantox-tri-ve-ran-hong-2.jpg?v=1585590652723--https://bizweb.dktcdn.net/100/229/172/products/sua-tam-hantox-tri-ve-ran-hong-3.jpg?v=1585590653240--https://bizweb.dktcdn.net/100/229/172/products/sua-tam-hantox-tri-ve-ran-hong-4.jpg?v=1585590653540--
"Dầu Tắm Trị Bọ Chét, Ve, Ghẻ, Rận Hanvet Hantox Vàng (200ml) (Htv)",40.000₫,,https://bizweb.dktcdn.net/100/229/172/products/sua-tam-hantox-tri-ve-ran-vang-2.jpg?v=1585590730923,"<div class=""std"">
										<p>THÀNH PHẦN<br>
<a href=""https://kunmiu.vn""><em><strong>Sữa tắm trị ve, rận</strong></em></a>, bọ chét cho chó mèo Hantox shampoo chứa Pyrethroid [(1R,3R)-3(2,2-dibromovinyl)-2,2-dimethylcyclorpropane carbocylate(S)-α-cyano-3-phenoxybenzyl] hoạt chất không chứa lân hữu cơ nên ít độc, tác dụng kéo dài, hiệu quả cao, an toàn cho người, vật nuôi..</p>
<p>CÔNG DỤNG<br>
- Diệt và phòng bọ chét, bét, ve, chấy, rận, ghẻ ở chó, mèo, thú nuôi.<br>
* Màu vàng: Ko dùng cho chó mèo con<br>
* Màu xanh: Dùng được cho chó mèo con<br>
* Màu hồng: Dùng được cho chó mèo con + Khử mùi, dưỡng lông</p>
<p>CÁCH DÙNG<br>
- Thấm ướt con vật, lấy lượng thuốc cần thiết, xoa nhẹ, cào đều thuốc khắp mình con vật sao cho tạo nhũ bọt xà phòng để thuốc thấm vào da, chân lông. Tránh để thuốc dây vào mắt, miệng và niêm mạc con vật.<br>
- Để thuốc ngấm khoảng 5 phút rồi gội, tráng bằng nước sạch nhiều lần, sau đó lau và sấy khô, con vật sẽ có bộ lông óng, bông, mượt và không còn bất kỳ loại ký sinh trùng nào nữa.<br>
- Sau khi tắm, các chất xà phòng trôi đi nhưng hoạt chất Pyrethroid vẫn bám lại được ở lông và mô thượng bì nên thuốc có tác dụng lâu dài diệt hay chống tái nhiễm ký sinh trùng.<br>
- Nên tắm cho vật nuôi 15 ngày/ lần đề phòng tái nhiễm ký sinh trùng.</p>
<p>LIỀU DÙNG<br>
Chó, mèo dưới 5 kg: 10 ml<br>
16-35 kg: 40 ml<br>
5-8 kg: 20 ml<br>
9-15 kg: 25 ml<br>
Trên 40 kg: 50 ml</p>
<p>CHÚ Ý<br>
- Chỉ dùng ngoài cho gia súc<br>
- Không để gần lửa, thức ăn.<br>
- Rửa kỹ tay chân hay nơi bị thuốc bắn vào.<br>
- Có thể dùng cho gia súc chửa.<br>
- Để ngoài tầm tay của trẻ em.<br>
BQ: Nơi khô, mát, tránh ánh sang.<br>
HD: 24 tháng kể từ ngày sản xuất.<br>
Quy cách: Lọ 200 ml.</p>
									</div>",No option,https://bizweb.dktcdn.net/100/229/172/products/sua-tam-hantox-tri-ve-ran-vang-2.jpg?v=1585590730923--https://bizweb.dktcdn.net/100/229/172/products/sua-tam-hantox-tri-ve-ran-vang-3.jpg?v=1585590731383--https://bizweb.dktcdn.net/100/229/172/products/sua-tam-hantox-tri-ve-ran-vang-4.jpg?v=1585590731963--
Rửa Tai Otimaxi 120ml,145.000₫,"Rửa tai Otimaxi 120ml nổi tiếng trong việc hòa tan và làm sạch bụi bẩn trong ống tai, và khử mùi hôi tai của chó mèo một cách an toàn và hiệu quả.",https://bizweb.dktcdn.net/100/229/172/products/ru-a-tai-otimaxi-120ml.jpg?v=1650563078603,"<div class=""std"">
										<p><strong>THÔNG TIN CHI TIẾT</strong></p>
<table align=""center"" border=""1"" cellpadding=""1"" cellspacing=""1"" style=""height:380px;width:380px;"">
<tbody>
<tr>
	<td>&nbsp;Sản phẩm</td>
	<td>&nbsp;Rửa tai Otimaxi 120ml</td>
</tr>
<tr>
	<td>&nbsp;Công dụng</td>
	<td><strong>&nbsp;&nbsp;</strong><strong>- Hoà tan và làm sạch bụi bẩn trong ống tai chó mèo</strong>
	<p><strong>&nbsp;- Khử mùi hôi tai hiệu quả</strong></p>
	<p><strong>&nbsp;- Giúp tai thú cưng luôn sạch sẽ và không còn thấy ngứa ngáy</strong></p></td>
</tr>
<tr>
	<td>&nbsp;HDSD</td>
	<td>&nbsp;- Nhỏ 2 - 3&nbsp;giọt nước rửa vào tai
	<p style=""text-align: justify;""><span style=""font-size:14px;"">&nbsp;- Xoa đều&nbsp;nhẹ nhàng phần đáy tai thú cưng</span></p>
	<p style=""text-align: justify;""><span style=""font-size:14px;"">&nbsp;- Lấy tăm bông hoặc khăn giấy mềm và lau chất bẩn trong tai.</span></p></td>
</tr>
<tr>
	<td>&nbsp;Thể tích</td>
	<td>&nbsp;120ml</td>
</tr>
<tr>
	<td>&nbsp;Quy cách&nbsp;</td>
	<td>&nbsp;<b>Lọ 120ml</b></td>
</tr>
</tbody></table>
<p><strong>MÔ TẢ SẢN PHẨM</strong></p>
<h1 style=""text-align: justify;""><span style=""font-size:14px;"">Việc vệ sinh tai ở chó mèo thông thường khiến chúng ta thấy thật khó để xử lí. Bởi tai chúng vốn mỏng và nhỏ nên rất dễ bị tổn thương khi vệ sinh. Các bạn đừng lo vì đã có&nbsp;<a href=""http://Kunmiu.vn""><u><em><strong>Rửa tai Otimaxi 120ml</strong></em></u></a> ở đây rồi.</span></h1>
<h2 style=""text-align: justify;""><span style=""font-size:14px;""><a href=""http://Kunmiu.vn""><u><em><strong>Rửa tai Otimaxi 120ml</strong></em></u></a>&nbsp;nổi tiếng trong việc hòa tan và làm&nbsp;sạch bụi bẩn trong ống tai của chó mèo một cách an toàn và hiệu quả. Sau khi sử dụng mùi hôi của tai và ống tai của chó mèo sẽ biến mất và tai luôn&nbsp;sạch sẽ.&nbsp;Sản phẩm đảm bảo an toàn, nhẹ nhàng không gây kích ứng với chó, mèo kể cả chó mèo con</span></h2>
<h3 style=""text-align: justify;""><span style=""font-size:14px;"">Hướng dẫn sử dụng&nbsp;<a href=""http://Kunmiu.vn""><u><em><strong>Rửa tai Otimaxi 120ml</strong></em></u></a>:</span></h3>
<p style=""text-align: justify;""><span style=""font-size:14px;"">- Nhỏ 2 - 3&nbsp;giọt nước rửa vào tai</span></p>
<p style=""text-align: justify;""><span style=""font-size:14px;"">- Xoa đều&nbsp;nhẹ nhàng phần đáy tai thú cưng</span></p>
<p style=""text-align: justify;""><span style=""font-size:14px;"">- Lấy tăm bông hoặc khăn giấy mềm và lau chất bẩn trong tai.</span></p>
<p style=""text-align: justify;""><span style=""font-size:14px;"">Hãy lựa chọn ngay&nbsp;<strong>Rửa tai Otimaxi 120ml</strong> để giữ tai chó mèo&nbsp;luôn sạch sẽ các bạn nhé!</span></p>
<table align=""center"" border=""1"" cellpadding=""1"" cellspacing=""1"" style=""height:380px;width:380px;"">
<tbody>
<tr>
	<td><a href=""http://kunmiu.vn""><img alt=""Rửa tai Otimaxi 120ml cho chó mèo"" src=""https://bizweb.dktcdn.net/thumb/grande/100/229/172/products/ru-a-tai-otimaxi-120ml.jpg?v=1650563078603""></a></td>
</tr>
</tbody></table>
<p>&nbsp;</p>
									</div>",No option,
Thuốc Tẩy Giun Cho Chó Drontal,35.000₫,,https://bizweb.dktcdn.net/100/229/172/products/drontal-removebg-9ba7ed7e-5781-418f-8162-761297d467e4.png?v=1702368667900,"<div class=""std"">
										<p><strong><a href=""https://kunmiu.vn/ky-sinh-trung"">THUỐC GIUN CHO CHÓ</a></strong>&nbsp;DRONTAL&nbsp;</p>
<p>+&nbsp;<em><strong>Thuốc giun Drontal cho chó</strong></em>&nbsp;là Sản phẩm hàng đầu diệt trừ giun sán nhờ sự kết hợp hoàn hảo cuả 3 hoạt chất praziquantel, pyrantel, và febantel...</p>
<p>&nbsp;</p>
<p>+ Ngoài tác hại trực tiếp cho chó,&nbsp;<em><strong>hầu hết giun sán</strong></em>&nbsp;còn có thể lây từ chó sang người qua đường ăn uống hoặc qua da, đặc biệt nguy hiểm là giun đũa và giun móc. Người nhiễm ấu trùng giun đũa có thể bị mù, tổn thương cơ quan nội tạng hoặc thậm chí có thể chết. Người nhiễm ấu trùng giun móc có thể bị đau bụng, da nổi sần, ngứa ngáy.</p>
<p>+ Chó con có thể nhiễm ấu trùng giun từ chó mẹ qua sữa ngay khi mới sinh. Do đó cần phải sử dụng những sản phẩm an toàn, hiệu lực cao để tẩy giun cho chó con từ rất sớm.</p>
<p><strong>Thành phần:</strong></p>
<p>Febantel......................................150mg</p>
<p>Pyrantel embonate....................144mg</p>
<p>Praziquantel..................................50mg</p>
<p><strong>(1 viên / 10 kg thể trọng)</strong></p>
<p>&nbsp;</p>
<p><strong>Công Dụng:</strong></p>
<p>+ Tác dụng hiệp lực của pyrantel và febantel</p>
<p>Giúp tiêu diệt tất cả những loài giun trưởng thành và ấu trùng nguy hiểm trên chó (giun tròn, giun móc, giun tóc) như Toxocara canis, Toxocara leonina, Uncinaria stenocephala, Ancylostoma caninum, và Trichuris vulpis. Pyrantel gây co cơ, liệt cơ làm giun không bám được vào vật chủ, còn Febantel cản trở giun sử dụng năng lượng cho các hoạt động làm giun chết nhanh.</p>
<p>+ Tác dụng cuả praziquantel</p>
<p>Diệt tất cả các loài sán dây phổ biến trên chó như Taenia, Multicep multiceps, Dipylidium caninum, Mesocestoides spp., Echinococcus granulosus, và Echinococcus multilocularis.</p>
<p>+ Praziquantel diệt sán ở mọi giai đoạn phát triển trong ruột chó.</p>
<p>+ Phòng trị hiệu quả bệnh trùng roi Giardiasis trên chó. Bệnh này rất phổ biến ở chó dưới 12 tuần tuổi.</p>
<h2>LIỀU LƯỢNG VÀ CÁCH DÙNG <a href=""https://kunmiu.vn/ky-sinh-trung"">THUỐC TẨY GIUN CHO CHÓ</a>:</h2>
<p>- 1 viên thuốc sử dụng cho 10 kg trọng lượng, có thể cho uống luôn hoặc nhét vào thức ăn, ko cần nghiền, không cần chế độ đặc biệt cho chó con và chó trưởng thành</p>
<p>- Nếu cún nhỏ hơn có thể chia viên thuốc theo cân nặng</p>
									</div>",1 viên -3.5x3.5x0.5--Vỉ 8 viên 8 1 viên -3.5x3.5x0.5--2 viên 2 1 viên -3.5x3.5x0.5--,
"Dung Dịch Nhỏ Sống Lưng Trị Ve Ghẻ, Bọ Chét Chó Fronil Spot",15.000₫,,https://bizweb.dktcdn.net/100/229/172/products/thuoc-tri-ve-ran-fronil-spot-4.jpg?v=1585503401397,"<div class=""std"">
										<p>Fronil Spot là dung dịch nhỏ giọt trên da giúp&nbsp;<em><strong>trị ve</strong></em>, bọ chét cho chó.<br>
- Phòng và điều trị ve, bọ chét trên chó. duy trì hiệu quả đến 4 tuần đối với ve và bọ chét..</p>
<p>* THÀNH PHẦN<br>
Fipronil 100 mg<br>
Exp.qs 1 ml</p>
<p>* CÔNG DỤNG<br>
- Phòng và điều&nbsp;<a href=""https://kunmiu.vn"">trị ve</a>, bọ chét trên chó.<br>
- Sản phẩm duy trì hiệu quả đến 4 tuần đối với ve và bọ chét.</p>
<p>* CÁCH DÙNG<br>
- 1 ống 0,67 ml/con trọng lượng từ 2 đến 10 kg.<br>
- 2 ống 0,67 ml/con trọng lượng từ 10 đến 20 kg.<br>
- 4 ống 0,67 ml/con trọng lượng từ 20 đến 40 kg.</p>
<p>* Nhỏ thuốc trực tiếp lên da theo các bước sau:<br>
- Để đứng ống thuốc, búng nhẹ 3-4 cái vào thân ống để thuốc dồn hết xuống phần thân ống.<br>
- Đưa ống thuốc ra xa mặt và cơ thể.<br>
- Bẻ đầu ống thuốc qua 1 bên để mở (tại vị trí 2 khía hình chữ V).<br>
- Vạch lông để lộ phần da giữa hai vai của chó.<br>
Để miệng ống thuốc tiếp xúc với da, nghiêng và bóp thật nhẹ để thuốc bên trong ống nhỏ ra từ từ lên da ở 1 hoặc 2 điểm giữa hai vai của chó.<br>
- Không tắm chó trong vòng 2 ngày sau khi dùng thuốc và sau đó không tắm quá 1 lần/tuần để đảm bảo thuốc tác dụng lâu dài.<br>
- Lặp lại mỗi tháng 1 lần để phòng ve, bọ chét.</p>
<p>BẢO QUẢN: Nơi khô mát, tránh ánh nắng.</p>
									</div>",1 ống--1 hộp (5 ống) 5 1 ống--,https://bizweb.dktcdn.net/100/229/172/products/thuoc-tri-ve-ran-fronil-spot-7.jpg?v=1585503401397--https://bizweb.dktcdn.net/100/229/172/products/thuoc-tri-ve-ran-fronil-spot-3.jpg?v=1585503401397--https://bizweb.dktcdn.net/100/229/172/products/thuoc-tri-ve-ran-fronil-spot-4.jpg?v=1585503401397--https://bizweb.dktcdn.net/100/229/172/products/thuoc-tri-ve-ran-fronil-spot-5.jpg?v=1585503401397--
Xịt Đặc Trị Nấm Alkin Fungikur 50ml,160.000₫,"Xịt đặc trị nấm Alkin Fungikur 50ml: chữa nấm cho chó, chữa nấm cho mèo, chuyên điều trị nhiễm nấm, nấm ngoài da, ngứa trầm trọng, các bệnh ngoài da.",https://bizweb.dktcdn.net/100/229/172/products/alkin-fungikur-1.jpg?v=1558621093000,"<div class=""std"">
										<h1><span style=""font-size:14px;""><strong><a href=""https://kunmiu.vn/ky-sinh-trung""><em>Xịt đặc trị nấm Alkin Fungikur 50ml</em>&nbsp;</a></strong> – <a href=""https://kunmiu.vn/ky-sinh-trung"">THUỐC TRỊ NẤM CHÓ MÈO</a> TỐT NHẤT (XUẤT XỨ HÀNG NỘI ĐỊA&nbsp;TRUNG QUỐC).</span></h1>
<p><span style=""font-size:14px;""><strong>Thành phần:</strong>&nbsp;thuộc tính chất lỏng trong suốt màu vàng với mùi đặc biệt. Cùng các hoạt chất&nbsp;Griseofulvin + Nystatin + Miconazole Nitrate + axit salicylic + các thành phần hoạt chất tăng cường.</span></p>
<p><span style=""font-size:14px;""><strong>Đối tượng áp dụng:</strong>&nbsp;Dành cho chó mèo từ 8 tuần tuổi trở lên.</span></p>
<h2><span style=""font-size:14px;""><strong>Chỉ định <a href=""https://kunmiu.vn/ky-sinh-trung""><em>Xịt đặc trị nấm Alkin Fungikur 50ml</em></a>:</strong>&nbsp;<a href=""https://kunmiu.vn/ky-sinh-trung""><em>chữa nấm cho chó</em></a>,&nbsp;<a href=""https://kunmiu.vn/ky-sinh-trung""><em>chữa nấm cho mèo</em></a>,&nbsp;chuyên điều trị&nbsp;nhiễm nấm, nấm ngoài da, ngứa trầm trọng, các bệnh ngoài da&nbsp;và nhiều&nbsp;triệu chứng khác.&nbsp;Có khả năng&nbsp;chữa lành nhiều loại bệnh nhiễm trùng nấm và nhiễm nấm trộn mạt. Điều trị hiệu quả&nbsp;bệnh nấm da như hắc lào, nấm móng, nhiễm trùng nấm men…&nbsp;Loại bỏ vảy, loại bỏ gàu, ngứa dữ dội và các triệu chứng khác trên chó mèo…</span></h2>
<h3><span style=""font-size:14px;""><strong>Hướng dẫn sử dụng <a href=""https://kunmiu.vn/ky-sinh-trung""><em>Xịt đặc trị nấm Alkin Fungikur 50ml</em></a>:</strong>&nbsp;khoanh vùng&nbsp;khu vực bị ảnh hưởng và các khu vực xung quanh càng sạch càng tốt trước khi sử dụng.&nbsp;Nếu có thể&nbsp;hãy cạo lông khu vực thú cưng bị nấm bệnh.&nbsp;Phun&nbsp;thuốc đều khắp các khu vực bị nấm bệnh.</span></h3>
<p><span style=""font-size:14px;"">Đối với việc điều trị của mắt và các bộ phận nhạy cảm khác, có thể bảo vệ đôi mắt của con đường, hoặc mất tăm bông y tế làm nản với chất lỏng áp dụng cho các khu vực bị ảnh hưởng. Không tắm sau 24h kể từ khi sử dụng thuốc.</span></p>
<p><iframe allow=""accelerometer; autoplay; encrypted-media; gyroscope; picture-in-picture"" allowfullscreen="""" frameborder=""0"" src=""https://www.youtube.com/embed/xIe-CvTvgWU""></iframe></p>
									</div>",No option,https://bizweb.dktcdn.net/100/229/172/products/alkin-fungikur-1.jpg?v=1558621093000--https://bizweb.dktcdn.net/100/229/172/products/fungikur-2-min.jpg?v=1558621089487--https://bizweb.dktcdn.net/100/229/172/products/fungikur-3-min.jpg?v=1558621089487--https://bizweb.dktcdn.net/100/229/172/products/alkin-fungikur-2.jpg?v=1558621096993--
Vòng Cổ Chống Và Diệt Ve Rận Ghẻ Cho Chó Thảo Dược Không Độc Hại,70.000₫,"Vòng cổ chống và diệt ve rận ghẻ cho mèo thảo dược không độc hại,sử dụng cho chó, mèo dùng để ngăn ngừa và điều trị bọ chét và ve với tác dụng kéo dài 4 tháng",https://bizweb.dktcdn.net/100/229/172/products/vr6.jpg?v=1561120842397,"<div class=""std"">
										<h2><span style=""font-size:14px;"">[CHỈ ĐỊNH]&nbsp;<a href=""https://kunmiu.vn/ky-sinh-trung""><strong><em>Vòng cổ chống và diệt ve rận ghẻ cho chó</em></strong></a><strong><em> thảo dược không độc hại</em></strong></span></h2>
<p><span style=""font-size:14px;"">· &nbsp; &nbsp; &nbsp; &nbsp;Sử dụng cho chó dùng để ngăn ngừa và điều trị bọ chét và ve với tác dụng &nbsp;kéo dài đến 8 tháng (hiệu quả nhất trong vòng 4-5 tháng)..</span></p>
<p><span style=""font-size:14px;"">· &nbsp; &nbsp; &nbsp; &nbsp;Tiêu diệt nhanh chóng, ve, ghẻ, bọ chét, chấy, mòng tai giúp thú cưng sạch sẽ, khỏe mạnh.</span></p>
<p><span style=""font-size:14px;"">· &nbsp; &nbsp; &nbsp; &nbsp;Chống được muỗi và các loại côn trùng có hại khác cắn thú</span></p>
<h3><span style=""font-size:14px;"">[HƯỚNG DẪN SỬ DỤNG]-&nbsp;<a href=""https://kunmiu.vn/ky-sinh-trung""><strong><em>Vòng cổ chống và diệt ve rận ghẻ cho chó </em></strong></a><strong><em>thảo dược không độc hại</em></strong></span></h3>
<p><span style=""font-size:14px;"">Chỉ sử dụng cho chó từ 8 tuần tuổi trở lên.Lấy vòng ra khỏi bao và vứt bỏ bao không.Buộc vòng đeo quanh cổ của chó,&nbsp;điều chỉnh cho vừa vặn thoải mái (dùng 2 ngón tay đặt giữa vòng đeo và cổ chó đang lớn, nên dự trù nới rộng vòng cho phù hợp. Cắt bỏ phần thừa của vòng. Để bảo vệ thú được liên tục, nên thay vòng mỗi 4 tháng. Vòng cổ nên được đeo thường xuyên và không ảnh hưởng bởi nước hay độ ẩm. Tuy nhiên nên tháo vòng mỗi khi tắm chó.</span></p>
<p><br>
<span style=""font-size:14px;"">[LƯU Ý]</span></p>
<p><span style=""font-size:14px;"">-Giữ vòng đeo cổ trong gói niêm phong cho đến khi sử dụng.</span></p>
<p><span style=""font-size:14px;"">-Nên vứt bỏ phần thừa cắt đi hoặc vòng cổ đã dùng rồi.</span></p>
<p><span style=""font-size:14px;"">- Không dùng cho thú mẫn cảm với các thành phần có trong dây đeo<br>
[BẢO QUẢN] Để chỗ mát mẻ, tránh ánh nắng.</span></p>
<p><span style=""font-size:14px;"">[TRÌNH BÀY] Hộp đựng 1 vòng đeo cổ dài 60 - 62 cm.</span></p>
									</div>",No option,https://bizweb.dktcdn.net/100/229/172/products/vr6.jpg?v=1561120842397--https://bizweb.dktcdn.net/100/229/172/products/1-51102366-3ff2-4a45-bbd9-efc517712580.jpg?v=1561120835720--https://bizweb.dktcdn.net/100/229/172/products/vr5-03a99bdf-c3d8-4e76-b25e-22239474ff04.jpg?v=1561120835720--https://bizweb.dktcdn.net/100/229/172/products/vr7-e387e87b-f23b-4def-a54d-4c39c88acc60.jpg?v=1561120835720--
Vòng Chống Rận Chó Mèo VirBac Fleadom,130.000₫,"Vòng chống rận chó mèo VirBac Fleadom sử dụng cho chó, mèo dùng để ngăn ngừa và điều trị bọ chét và ve với tác dụng kéo dài đến 4 tháng.",https://bizweb.dktcdn.net/100/229/172/products/vong-chong-ran-virbac-fleadom-min.jpg?v=1533251599520,"<div class=""std"">
										<h1><span style=""font-size:14px;""><strong><span style=""color:#3498db;""><em><a href=""https://kunmiu.vn/ky-sinh-trung"">Vòng chống rận chó mèo VirBac Fleadom</a>.</em></span></strong></span></h1>
<p><span style=""font-size:14px;""><strong>THÀNH PHẦN</strong></span></p>
<table border=""1"" cellpadding=""0"" cellspacing=""0"">
<tbody>
<tr>
	<td valign=""top"" width=""319"">
	<p><span style=""font-size:14px;"">0,0 Diethyl-0 (2-isopropyl-5-Methylpyrimidyl-6) thiophosphate</span></p></td>
	<td valign=""top"" width=""319"">
	<p><span style=""font-size:14px;"">15%w/w</span></p></td>
</tr>
<tr>
	<td valign=""top"" width=""319"">
	<p><span style=""font-size:14px;"">Inert ingredients and colouring</span></p></td>
	<td valign=""top"" width=""319"">
	<p><span style=""font-size:14px;"">85%w/w</span></p></td>
</tr>
</tbody></table>
<p><span style=""font-size:14px;""><strong>THÀNH PHẦN TÍNH CHẤT</strong></span></p>
<h2><span style=""font-size:14px;""><strong><a href=""https://kunmiu.vn/ky-sinh-trung""><span style=""color:#3498db;""><em>Vòng chống rận chó mèo VirBac Fleadom</em></span></a></strong>&nbsp;là một loại vòng đeo cổ chứa hoạt chất được phóng thích ra lông chó mèo để tiêu diệt các loại bọ chét và ve..<br>
<br>
<strong>CHỈ ĐỊNH</strong></span></h2>
<h3><span style=""font-size:14px;""><strong><a href=""https://kunmiu.vn/vong-chong-ran-virbac-fleadom""><span style=""color:#3498db;""><em>Vòng chống rận chó mèo VirBac Fleadom</em></span></a></strong> sử dụng cho chó, mèo dùng để ngăn ngừa và điều trị <a href=""https://kunmiu.vn/ky-sinh-trung"">bọ chét và ve</a> với tác dụng kéo dài đến 4 tháng.<br>
<br>
<strong>HƯỚNG DẪN SỬ DỤNG</strong><br>
<br>
Chỉ sử dụng cho chó từ 8 tuần tuổi trở lên.Lấy vòng ra khỏi bao và vứt bỏ bao không.Buộc vòng đeo quanh cổ của chó, mèo, điều chỉnh cho vừa vặn thoải mái (dùng 2 ngón tay đặt giữa vòng đeo và cổ chó, mèo đang lớn, nên dự trù nới rộng vòng cho phù hợp. Cắt bỏ phần thừa của vòng. Để bảo vệ thú được liên tục, nên thay vòng mỗi 4 tháng. Vòng cổ nên được đeo thường xuyên và không ảnh hưởng bởi nước hay độ ẩm. Tuy nhiên nên tháo vòng mỗi khi tắm chó.<br>
<br>
<strong>CHỐNG CHỈ ĐỊNH</strong></span></h3>
<p><span style=""font-size:14px;"">-Không nên dùng thuốc diệt trùng nào khác kết hợp với vòng.</span></p>
<p><span style=""font-size:14px;"">-Không dùng cho chó đang bệnh hoặc đang thời kỳ dưỡng bệnh.</span></p>
<p><span style=""font-size:14px;"">-Tháo bỏ ngay vòng cổ nếu thấy vật có dấu hiệu ngứa ngáy khó chịu.<br>
<br>
<strong>LƯU Ý</strong></span></p>
<p><span style=""font-size:14px;"">-Giữ vòng đeo cổ trong gói niêm phong cho đến khi sử dụng.</span></p>
<p><span style=""font-size:14px;"">-Nên vứt bỏ phần thừa cắt đi hoặc vòng cổ đã dùng rồi.</span></p>
<p><span style=""font-size:14px;"">-Không cho thú nhai vòng đeo.</span></p>
<p><span style=""font-size:14px;"">-Không cho trẻ em đùa nghịch với vòng.</span></p>
<p><span style=""font-size:14px;"">-Rửa tay sạch với xà phòng sau khi cầm vòng.<br>
<br>
<strong>BẢO QUẢN</strong></span></p>
<p><span style=""font-size:14px;"">Để chỗ mát mẻ, tránh ánh nắng.</span></p>
<p><span style=""font-size:14px;""><strong>TRÌNH BÀY</strong></span></p>
<p><span style=""font-size:14px;"">Hộp đựng 1 vòng đeo cổ dài 60 - 62 cm.</span></p>
<p><span style=""font-size:14px;"">- Sản phẩm được bán tại Kún Miu <a href=""http://kunmiu.vn"">pet shop</a></span></p>
									</div>",No option,
"Dầu Tắm Trị Bọ Chét, Ve, Ghẻ, Rận Chó Mèo Hanvet Hantox Xanh (200ml) (Htx)",45.000₫,,https://bizweb.dktcdn.net/100/229/172/products/sua-tam-hantox-tri-ve-ran-xanh-2.jpg?v=1585590704340,"<div class=""std"">
										<p>THÀNH PHẦN<br>
<a href=""https://kunmiu.vn""><em><strong>Sữa tắm trị ve, rận</strong></em></a>, bọ chét cho chó mèo Hantox shampoo chứa Pyrethroid [(1R,3R)-3(2,2-dibromovinyl)-2,2-dimethylcyclorpropane carbocylate(S)-α-cyano-3-phenoxybenzyl] hoạt chất không chứa lân hữu cơ nên ít độc, tác dụng kéo dài, hiệu quả cao, an toàn cho người, vật nuôi..</p>
<p>CÔNG DỤNG<br>
- Diệt và phòng bọ chét, bét, ve, chấy, rận, ghẻ ở chó, mèo, thú nuôi.<br>
* Màu vàng: Ko dùng cho chó mèo con<br>
* Màu xanh: Dùng được cho chó mèo con<br>
* Màu hồng: Dùng được cho chó mèo con + Khử mùi, dưỡng lông</p>
<p>CÁCH DÙNG<br>
- Thấm ướt con vật, lấy lượng thuốc cần thiết, xoa nhẹ, cào đều thuốc khắp mình con vật sao cho tạo nhũ bọt xà phòng để thuốc thấm vào da, chân lông. Tránh để thuốc dây vào mắt, miệng và niêm mạc con vật.<br>
- Để thuốc ngấm khoảng 5 phút rồi gội, tráng bằng nước sạch nhiều lần, sau đó lau và sấy khô, con vật sẽ có bộ lông óng, bông, mượt và không còn bất kỳ loại ký sinh trùng nào nữa.<br>
- Sau khi tắm, các chất xà phòng trôi đi nhưng hoạt chất Pyrethroid vẫn bám lại được ở lông và mô thượng bì nên thuốc có tác dụng lâu dài diệt hay chống tái nhiễm ký sinh trùng.<br>
- Nên tắm cho vật nuôi 15 ngày/ lần đề phòng tái nhiễm ký sinh trùng.</p>
<p>LIỀU DÙNG<br>
Chó, mèo dưới 5 kg: 10 ml<br>
16-35 kg: 40 ml<br>
5-8 kg: 20 ml<br>
9-15 kg: 25 ml<br>
Trên 40 kg: 50 ml</p>
<p>CHÚ Ý<br>
- Chỉ dùng ngoài cho gia súc<br>
- Không để gần lửa, thức ăn.<br>
- Rửa kỹ tay chân hay nơi bị thuốc bắn vào.<br>
- Có thể dùng cho gia súc chửa.<br>
- Để ngoài tầm tay của trẻ em.<br>
BQ: Nơi khô, mát, tránh ánh sang.<br>
HD: 24 tháng kể từ ngày sản xuất.<br>
Quy cách: Lọ 200 ml.</p>
									</div>",No option,https://bizweb.dktcdn.net/100/229/172/products/sua-tam-hantox-tri-ve-ran-xanh-2.jpg?v=1585590704340--https://bizweb.dktcdn.net/100/229/172/products/sua-tam-hantox-tri-ve-ran-xanh-3.jpg?v=1585590704773--https://bizweb.dktcdn.net/100/229/172/products/sua-tam-hantox-tri-ve-ran-xanh-4.jpg?v=1585590705117--
Xịt Ve Rận Chó Mèo Fay 100X,30.000₫,"XỊT VE RẬN CHÓ MÈO FAY 100X :
THÀNH PHẦN: DUNG MÔI, CITRUS OILS, CAMPHORA, ANNONA MURICATA SEED
HỖ TRỢ LÀM SẠCH VE, RẬN, BỌ CHÉT CHO CHÓ, MÈO... VỚI CHIẾT XUẤT TỪ HẠT ANNONA MURICATA.",https://bizweb.dktcdn.net/100/229/172/products/fay-100x-min.jpg?v=1532706859773,"<div class=""std"">
										<table>
<tbody>
<tr>
	<th>
	<h1><span style=""font-size:14px;"">Thông số sản phẩm</span></h1></th>
</tr>
<tr>
	<td>
	<h2><span style=""font-size:14px;""><strong><a href=""https://kunmiu.vn/sua-tam-fay""><span style=""color:#3498db;""><em>Xịt ve rận chó mèo Fay 100X</em></span>&nbsp;</a>&nbsp;-</strong>&nbsp; Bạn muốn thú cưng không còn bị ve, rận và ký sinh trùng quấy nhiễu? Thương hiệu Fay đã phát triển dòng sản phẩm Fay 100X với công thức diệt khuẩn vượt trội. Bên cạnh việc làm sạch và bảo vệ sức khỏe cơ thể, Fay còn có mùi hương dễ chịu dành riêng cho chó mèo sẽ giúp thú cưng thư giãn tinh thần và tạo điều kiện cho bạn hoàn thành việc vệ sinh cho thú cưng một cách dễ dàng..</span></h2>
	<h3><span style=""font-size:14px;""><strong>Thông tin sản phẩm&nbsp;<span style=""color:#3498db;""><em><a href=""https://kunmiu.vn/sua-tam-fay"">Xịt ve rận chó mèo Fay 100X</a>&nbsp;:</em></span></strong></span></h3>
	<ul>
	<li>
	<h2><span style=""font-size:14px;"">Thành phần: Dung môi, Citrus oils, Camphora, Annona muricata seed</span></h2></li>
	<li>
	<h2><span style=""font-size:14px;"">Hỗ trợ làm sạch ve, rận, bọ chét cho chó, mèo... với chiết xuất từ hạt Annona muricata.</span></h2></li>
	<li>
	<h2><span style=""font-size:14px;"">Thiết kế dạng chai xịt tiện dụng</span></h2></li></ul>
	<p><span style=""font-size:14px;""><strong>&nbsp;<a href=""https://kunmiu.vn/"">Hướng dẫn sử dụng</a>&nbsp;<a href=""https://kunmiu.vn/sua-tam-fay""><span style=""color:#3498db;""><em>Xịt ve rận chó mèo Fay 100X</em></span></a></strong></span></p>
	<ul>
	<li>
	<h3><span style=""font-size:14px;"">Vạch ngược lông xịt vào đến da ở những vùng ve rận thường lưu trú.</span></h3></li>
	<li>
	<h3><span style=""font-size:14px;"">Xịt trung bình 3 - 4ml/kg thể trọng ( tương đương với 20 - 25 lần nhấn/kg). 100ml sử dụng cho 20 - 25kg thể trọng.</span></h3></li>
	<li>
	<h3><span style=""font-size:14px;"">Xịt lập lại lần hai sau 24 giờ.</span></h3></li>
	<li>
	<h3><span style=""font-size:14px;"">Không tắm cho thú trong vòng 24 giờ sau khi xịt.</span></h3></li>
	<li>
	<h3><span style=""font-size:14px;"">Để phòng ngừa nên xịt lặp lại sau 15 - 20 ngày.</span></h3></li></ul>
	<h3><span style=""font-size:14px;""><strong>Cảnh báo</strong></span></h3>
	<ul>
	<li>
	<h3><span style=""font-size:14px;"">Tránh xịt vào những vùng niêm mạc nhạy cảm như mắt, mũi, miệng, hậu môn, cơ quan sinh dục…</span></h3></li>
	<li>
	<h3><span style=""font-size:14px;"">Thú dưới 3 tháng tuổi cần hỏi ý kiến bác sĩ thú y trước khi sử dụng.</span></h3></li>
	<li>
	<h3><span style=""font-size:14px;"">Tránh xa tầm tay trẻ em.</span></h3></li>
	<li>
	<h3><span style=""font-size:14px;"">Chỉ dùng cho thú nuôi và sử dụng bên ngoài.</span></h3></li></ul></td>
</tr>
</tbody></table>
									</div>",100ml--350ml--,
Thuốc Tẩy Giun Sanpet,10.000₫,"CÔNG DỤNG CỦA THUỐC TẨY GIUN SANPET :
- TẨY SẠCH CÁC LOẠI SÁN DÂY, SÁN HẠT DƯA VÀ GIUN TRÒN KÝ SINH Ở CHÓ, MÈO.
- SÁN DÂY: SÁN HẠT DƯA 
- GIUN TRÒN: GIUN ĐŨA",https://bizweb.dktcdn.net/100/229/172/products/thuoc-tay-giun-sanpet-min.jpg?v=1533251027997,"<div class=""std"">
										<h1><span style=""font-size:14px;""><strong><em><a href=""https://kunmiu.vn/ky-sinh-trung"">Thuốc tẩy giun Sanpet</a></em></strong></span></h1>
<p><span style=""font-size:14px;""><strong>Công thức.</strong></span></p>
<p><span style=""font-size:14px;""><em>Mỗi viên chứa:</em></span></p>
<p><span style=""font-size:14px;"">-&nbsp;<strong>Praziquatel&nbsp;</strong>&nbsp;&nbsp;&nbsp;&nbsp;&nbsp;&nbsp;&nbsp;&nbsp;&nbsp;&nbsp;&nbsp;&nbsp;&nbsp;&nbsp;&nbsp;&nbsp;&nbsp; &nbsp; &nbsp; 25 mg</span></p>
<p><span style=""font-size:14px;"">-&nbsp;<strong>Pyrantel pamoate&nbsp;</strong>&nbsp;&nbsp; &nbsp;&nbsp;&nbsp;&nbsp;&nbsp;&nbsp;100 mg</span></p>
<h2><span style=""font-size:14px;""><strong>Công dụng của&nbsp;<em><a href=""https://kunmiu.vn/ky-sinh-trung"">Thuốc tẩy giun Sanpet</a>&nbsp;:</em></strong></span></h2>
<p><span style=""font-size:14px;"">- Tẩy sạch các loại sán dây, sán hạt dưa và giun tròn ký sinh ở chó, mèo và động vật ăn thịt..</span></p>
<p><span style=""font-size:14px;"">- Sán dây: sán hạt dưa&nbsp;<em>( Echinococcus granulosus ) , Dipylidium cananium, Taenia pisiformis, T. ovis, T. hydatigena.</em></span></p>
<p><span style=""font-size:14px;"">- Giun tròn: Giun đũa&nbsp;<em>( Toxacara canis, Toxascaris leonina), giun tóc ( Trichuris vulpis), giun móc ( Ancylostoma canium, A. blaziliensse, Unicaria stenocephala</em>).</span></p>
<p><span style=""font-size:14px;""><strong>Liều lượng &amp; cách dùng</strong></span></p>
<p><span style=""font-size:14px;"">- Cho chó, mèo uống trước bữa ăn.</span></p>
<h3><span style=""font-size:14px;""><u><em>Liều trung bình:</em></u>&nbsp;1 viên&nbsp;<strong><em><a href=""https://kunmiu.vn/ky-sinh-trung"">Thuốc tẩy giun Sanpet</a></em></strong> cho 5 kg TT.</span></h3>
<p><span style=""font-size:14px;"">- Chó, mèo con tẩy vào 4, 6, 8 và 12 tuần tuổi, sau đó cứ 3 tháng tẩy 1 lần. Chó, mèo lớn tẩy năm 2 lần. Chó, mèo cái tẩy trước giao phối; 10 ngày trước khi để và 4 tuần sau khi đẻ.</span></p>
<p>&nbsp;</p>
<p><span style=""font-size:14px;""><strong>BQ:</strong>&nbsp;Nơi khô, mát, tránh ánh sang<br>
<strong>HD:</strong>&nbsp;3 năm kể từ ngày sản xuất<br>
<strong><strong>Đóng gói</strong>:</strong>&nbsp;10 viên/ 1 vỉ, 2 vỉ/ 1 hộp</span></p>
									</div>",1 viên -1.5x1.5x1cm--Vỉ 10 1 viên -1.5x1.5x1cm--,
Bình Xịt Khử Mùi Vệ Sinh Phòng Bioion Deo Sanitizer 250ml,100.000₫,"Bình xịt khử mùi vệ sinh phòng Bioion Deo Sanitizer 250ml lợi ích loại bỏ mùi hôi ẩm mốc loại bỏ vi khuẩn,giết 99,99% mầm bệnh và tuyệt đối an toàn cho thú cưng",https://bizweb.dktcdn.net/100/229/172/products/bw-deo-250ml-a-1-800px-min.jpg?v=1546945062520,"<div class=""std"">
										<h1 style=""text-align: center;""><span style=""font-size:14px;""><a href=""https://kunmiu.vn/""><em><strong><span style=""color:#3498db;"">Bình xịt khử mùi vệ sinh phòng Bioion Deo Sanitizer 250ml</span></strong></em></a></span></h1>
<h2><span style=""font-size:14px;"">&nbsp;<em><strong><span style=""color:#3498db;""><a href=""https://kunmiu.vn/"">Bình xịt khử mùi vệ sinh phòng Bioion Deo Sanitizer 250ml</a>&nbsp;</span></strong></em>100 Chiết xuất từ thiên nhiên. Là sản phẩm được làm từ Công nghệ sinh học và công thức ion hóa đến từ nhật bản, không sử dụng hương liệu, không chứa cồn..</span></h2>
<h3><span style=""font-size:14px;""><a href=""https://kunmiu.vn/""><em><strong><span style=""color:#3498db;"">Bình xịt khử mùi vệ sinh phòng Bioion Deo Sanitizer 250ml</span></strong></em></a> lợi ích từ sản phẩm Bio ion:</span></h3>
<ul>
<li><span style=""font-size:14px;"">Loại bỏ mùi hôi ẩm mốc trong phòng: karaoke, khách sạn, nhà nghỉ, phòng gym, văn phòng công ty, khu vực công cộng như trường học, bệnh viện, nhà bếp, nhà vệ sinh, phòng khách,…</span></li>
<li><span style=""font-size:14px;"">Loại bỏ mùi ẩm mốc của quần áo sau khi giặt, loại bỏ mùi hôi trong phòng, Khử mùi và khử trùng bên trong giầy, mùi hôi thuốc lá. Khử trùng và loại bỏ mùi hôi trong thùng rác, khử trùng bên trong và xung quanh bồn cầu. + Ngăn ngừa làm giảm các loại nấm da gây bệnh ở người</span></li>
<li><span style=""font-size:14px;"">Khử trùng và bảo vệ nhằm chống lại sự lây lan của vi rút, khử mùi hôi + Phục hồi thanh lọc, Làm mới chất lượng không khí</span></li>
<li><span style=""font-size:14px;"">Bio ion đáp ứng việc loại bỏ vi khuẩn, Giết 99,99% mầm bệnh, tác dụng trong vòng 30 giây</span></li>
<li><span style=""font-size:14px;"">An toàn tuyệt đối trong môi trường và có thể sử dụng cho em béChứng nhận bởi bác sĩ Sunao Kubota, và Viện nghiên cứu công nghệ của Quận Osaka, Nhật Bản</span></li></ul>
									</div>",Sparkling Lemon--Lavender--Toka--Summer--Snow--Lemon Grass--BioKill--baby powder--Jasmine--Spring Field--Vanilla--Basil--,
Thuốc Tẩy Giun Sán Cho Chó Con Drontal Puppy 50ml,250.000₫,Thuốc tẩy giun sán cho chó con Drontal Puppy 50ml là thuốc xổ lãi dạng dung dịch lỏng dành cho chó con từ 2 tuần tuổi - dưới 12 tháng tuổi .,https://bizweb.dktcdn.net/100/229/172/products/thuoc-tay-giun-drontal-puppy-min.jpg?v=1533250807757,"<div class=""std"">
										<h1><span style=""font-size:14px;""><strong><em><a href=""https://kunmiu.vn/ky-sinh-trung""><span style=""color:#3498db;"">Thuốc tẩy giun sán cho chó con Drontal Puppy 50ml</span></a></em></strong> là thuốc xổ lãi dạng dung dịch lỏng dành cho chó con từ 2 tuần tuổi - dưới 12 tháng tuổi thuộc thương hiệu Drontal của nhà sản xuất Bayer. Với thuốc dạng lỏng, chủ nuôi dễ dàng lấy liệu lượng thuốc phù hợp mong muốn với xi-lanh, cũng như cho chó con uống thuốc 1 cách dễ dàng và nhanh chóng lại an toàn..</span></h1>
<p><span style=""font-size:14px;"">Giun sán lãi có thể truyền qua đường sữa mẹ - chó con sẽ nhiễm giun sán khi bú sữa của chó mẹ bị nhiễm giun sán.</span></p>
<p><span style=""font-size:14px;"">Việc điều trị giun ở chó con có phần khó khăn và nguy hiểm nhất định, do đó, chủ nuôi cần chủ động phòng tránh và xổ giun cho chó con khi chó con được 2 tuần tuổi.</span></p>
<h2><span style=""font-size:14px;"">Sản phẩm&nbsp;<strong><em><a href=""https://kunmiu.vn/ky-sinh-trung""><span style=""color:#3498db;"">Thuốc tẩy giun sán cho chó con Drontal Puppy 50ml</span></a></em></strong> được tặng kèm xi-lanh 5ml giúp người dùng tiện sử dụng cũng như bảo quản thuốc tốt hơn.</span></h2>
<h3><span style=""font-size:14px;""><strong>Lưu Ý&nbsp;<em><span style=""color:#3498db;""><a href=""https://kunmiu.vn/ky-sinh-trung"">Thuốc tẩy giun sán cho chó con Drontal Puppy 50ml</a>&nbsp;:</span></em></strong></span></h3>
<p><span style=""font-size:14px;"">- Không dùng cho mèo</span></p>
<p><span style=""font-size:14px;"">- Không dùng thuốc này cho chó mẹ mang thai và đang cho con bú.</span></p>
<p><span style=""font-size:14px;"">- Không dùng đồng thời với hợp chất chứa piperazine</span></p>
<p><span style=""font-size:14px;"">- Dưới đây là các triệu chứng thường gặp khi chó nhiễm giun sán:</span></p>
<p><span style=""font-size:14px;"">+ Bụng to</span></p>
<p><span style=""font-size:14px;"">+ Còi cọc, suy nhược, biếng ăn</span></p>
<p><span style=""font-size:14px;"">+ Niêm mạc nhợt nhạt, mất máu</span></p>
<p><span style=""font-size:14px;"">+ Ngứa hậu môn, đi phân ra giun sán</span></p>
<p><span style=""font-size:14px;"">+ Tổn thương các mô</span></p>
<p><span style=""font-size:14px;"">+ Suy giảm miễn dịch ( vết thương lâu lành, dễ nhiễm bệnh...)</span></p>
<p><span style=""font-size:14px;"">+ Tắc nghẽn ruột và ống mật Khuyến Khích Để giảm nguy cơ cho bản thân chủ nuôi và thú cưng bị nhiễm giun lãi</span></p>
<p><span style=""font-size:14px;""><strong>Chủ nuôi nên lưu ý: </strong></span></p>
<p><span style=""font-size:14px;"">- Tẩy giun cho thú cưng dưới 6 tháng tuổi theo liệu trình bên trên</span></p>
<p><span style=""font-size:14px;"">- Tẩy giun cho thú cưng trên 6 tháng tuổi 3-4 lần 1 năm, tức tẩy giun mỗi 3-4 tháng 1 lần.</span></p>
<p><span style=""font-size:14px;"">- Rửa tay chân với xà phòng sau khi chơi đùa, ôm ẵm thú cưng - Dọn sạch phân thú cưng ngay sau khi bài tiết</span></p>
<p><span style=""font-size:14px;"">- Nên mang giày dép và đeo găng tay khi vệ sinh phân thú cưng</span></p>
<p><span style=""font-size:14px;"">- Không để thú cưng bị nhiễm ve bọ chét vì làm tăng nguy cơ nhiễm giun sán</span></p>
<p><span style=""font-size:14px;"">- Hạn chế trẻ em đi chân trần trên cỏ và đi vào khu vực đi vệ sinh của thú cưng Chủ nuôi đang nuôi chó mẹ mang bầu và đang cho con bú và đàn chó con, nên dùng <a href=""https://kunmiu.vn/ky-sinh-trung"">thuốc tẩy giun</a> Drontal Plus cho chó mẹ để tẩy sạch giun, tránh nhiễm giun sang chó con.</span></p>
									</div>",No option,
"Dung Dịch Pha Nước Diệt Kiến, Gián, Ve, Rận, Bọ Chét Hantox-200",35.000₫,"Dung dịch pha nước diệt kiến, gián, ve, rận, bọ chét Hantox-200 có tác dụng diệt ruồi, muỗi, kiến, gián, rận, ve, ghẻ, bọ chét, mòng, mạt gà hiệu quả.",https://bizweb.dktcdn.net/100/229/172/products/chai-hantox-200-4.jpg?v=1616688754020,"<div class=""std"">
										<p style=""text-align: justify;""><strong>THÔNG TIN CHI TIẾT</strong></p>
<table align=""center"" border=""1"" cellpadding=""1"" cellspacing=""1"" style=""height:380px;width:380px;"">
<tbody>
<tr>
	<td>&nbsp;Thương hiệu</td>
	<td>&nbsp;Hanvet</td>
</tr>
<tr>
	<td>&nbsp;Xuất xứ TH</td>
	<td>&nbsp;Việt Nam</td>
</tr>
<tr>
	<td>&nbsp;HDSD</td>
	<td>&nbsp;Dùng để&nbsp;diệt kiến, gián, ve, rận, bọ chét</td>
</tr>
<tr>
	<td>&nbsp;Lưu ý</td>
	<td>
	<p><b>&nbsp;- Đ</b><strong>ể ở nơi thoáng mát</strong></p>
	<p><strong><span style=""font-size:14px;"">- Để xa tầm tay trẻ em.<br>
	- Sử dụng trong vòng 24 tháng kể từ ngày sản xuất.</span></strong></p></td>
</tr>
<tr>
	<td>&nbsp;Thể tích</td>
	<td>&nbsp;50ml, 5ml</td>
</tr>
<tr>
	<td>&nbsp;Quy cách&nbsp;</td>
	<td>
	<p><strong>&nbsp;1 chai hoặc 1 gói</strong></p></td>
</tr>
</tbody></table>
<p style=""text-align: justify;""><strong>MÔ TẢ SẢN PHẨM</strong></p>
<h1 style=""text-align: justify;""><span style=""font-size:14px;""><a href=""http://kunmiu.vn""><u><em><strong>Dung dịch pha nước diệt kiến, gián, ve, rận, bọ chét Hantox-200</strong></em></u></a>&nbsp;là dung dịch có tác dụng diệt ruồi, muỗi, kiến, gián, rận, ve, ghẻ, bọ chét, mòng, mạt gà hiệu quả.</span></h1>
<h2 style=""text-align: justify;""><span style=""font-size:14px;"">Thành phần&nbsp;<u><em><strong><a href=""http://kunmiu.vn"">Dung dịch pha nước diệt kiến, gián, ve, rận, bọ chét Hantox-200</a>:</strong></em></u><br>
Mỗi ml chứa: Deltamethrin 20 mg (tá dược đơn vị&nbsp;1 ml)</span></h2>
<h3 style=""text-align: justify;""><span style=""font-size:14px;"">Công dụng&nbsp;<a href=""http://kunmiu.vn""><u><em><strong>Dung dịch pha nước diệt kiến, gián, ve, rận, bọ chét Hantox-200</strong></em></u></a>:<br>
- Diệt: Muỗi, ruồi, nhặng, kiến, gián, trong trang trại chăn nuôi, gia đình.<br>
- Phòng trị: Rận, ghẻ, bọ chét, ve bò, mòng ở gia súc, mạt gà ở gia cầm.</span></h3>
<h2 style=""text-align: justify;""><span style=""font-size:14px;"">CÁCH DÙNG<br>
- Diệt ruồi, nhặng: 50 ml pha với 5 lít nước phun 50 m2 bề mặt<br>
- Diệt ruồi, kiến, gián: 50 ml pha với 5 lít nước phun 100 m2 bề mặt tường nền, chuồng trại.<br>
Dùng 1 lần tác dụng kéo dài 6-8 tuần.<br>
- Diệt ve bò, mòng, bọ chét, rận ghẻ, mạt gà: 50 ml pha với 20 lít nước, phun đẫm hoặc tắm.<br>
- Dùng 2 lần cách nhau 10 ngày.</span></h2>
<h2 style=""text-align: justify;""><span style=""font-size:14px;"">Lưu ý:</span></h2>
<h2 style=""text-align: justify;""><span style=""font-size:14px;"">- Bảo quản&nbsp;nơi khô, mát, tránh ánh sáng.<br>
- Để xa tầm tay trẻ em.<br>
- Sử dụng trong vòng 24 tháng kể từ ngày sản xuất.</span></h2>
<p style=""text-align: justify;""><span style=""font-size:14px;"">#kisinhtrung #chomeo #thucung #hantox200&nbsp;#Kunmiupetshop</span></p>
<table align=""center"" border=""1"" cellpadding=""1"" cellspacing=""1"" style=""height:380px;width:380px;"">
<caption>Dung dịch pha nước diệt kiến, gián, ve, rận, bọ chét Hantox-200</caption>
<tbody>
<tr>
	<td><a href=""https://kunmiu.vn/dung-dich-pha-nuoc-diet-kien-gian-ve-ran-bo-chet-hanton-200-50ml""><img alt=""Dung dịch pha nước diệt kiến, gián, ve, rận, bọ chét Hantox-200"" src=""https://bizweb.dktcdn.net/thumb/grande/100/229/172/products/chai-hantox-200-2.jpg?v=1616688746193""></a></td>
</tr>
</tbody></table>
<p>&nbsp;</p>
									</div>",50ml--5ml (gói)--,https://bizweb.dktcdn.net/100/229/172/products/chai-hantox-200-2.jpg?v=1616688746193--https://bizweb.dktcdn.net/100/229/172/products/chai-hantox-200-3.jpg?v=1616688750533--https://bizweb.dktcdn.net/100/229/172/products/chai-hantox-200-4.jpg?v=1616688754020--
Chai Xịt Thơm Tinh Dầu Germ Free Air Sanitiser 300ml,100.000₫,"Chai xịt thơm tinh dầu Germ Free Air Sanitiser 300ml  giúp loại bỏ mùi hôi, ẩm mốc,thuốc lá. diệt khuẩn,làm sạch bầu không khí,khử mùi nước tiểu thú cưng.",https://bizweb.dktcdn.net/100/229/172/products/af-keishi-min.jpg?v=1546947116717,"<div class=""std"">
										<h1 style=""text-align: center;""><span style=""font-size:14px;""><a href=""https://kunmiu.vn/collections/all""><em><strong><span style=""color:#3498db;"">Chai xịt thơm tinh dầu Germ Free Air Sanitiser 300ml</span></strong></em></a></span></h1>
<h2><span style=""font-size:14px;"">✅<em><strong><span style=""color:#3498db;""><a href=""https://kunmiu.vn/collections/all"">Chai xịt thơm tinh dầu Germ Free Air Sanitiser 300ml</a>&nbsp;</span></strong></em>Có 4 mùi:Summer,Lavender,Keishi,Toka..</span></h2>
<h2><span style=""font-size:14px;"">✅Thành phần: Gas, tinh dầu chiết xuất 100% thiên nhiên</span></h2>
<h3><span style=""font-size:14px;"">✅HDSD:Lắc đều chai&nbsp;<a href=""https://kunmiu.vn/collections/all""><em><strong><span style=""color:#3498db;"">Chai xịt thơm tinh dầu Germ Free Air Sanitiser 300ml</span></strong></em></a> trước khi dùng, giữ bình thẳng đứng, hướng về phía hướng cần xịt và nhấn nút. Giúp loại bỏ mùi hôi, ẩm móc, mui thuốc lá. diệt khuẩn,làm sạch bầu không khí.&nbsp;<br>
Bảo quản nơi khô ráo, thoáng mát.</span></h3>
									</div>",No option,https://bizweb.dktcdn.net/100/229/172/products/af-keishi-min.jpg?v=1546947116717--https://bizweb.dktcdn.net/100/229/172/products/af-sakura-min.jpg?v=1546947120107--https://bizweb.dktcdn.net/100/229/172/products/af-summer-300ml-min.png?v=1546947109133--https://bizweb.dktcdn.net/100/229/172/products/af-toka-min.png?v=1546947109533--
"Thuốc Xịt Ngoài Da Diệt Ve Rận, Bọ Chét, Ký Sinh Trùng Cho Chó Mèo Hantox (Ht)",25.000₫,"Thuốc xịt ngoài da diệt ve rận, bọ chét, ký sinh trùng cho chó mèo Hantox 100ml giúp phòng và diệt hiệu quả bọ chét, ve, chấy, rận ở chó, mèo, thú cưng.",https://bizweb.dktcdn.net/100/229/172/products/xit-hantox-100ml-2.jpg?v=1638797887013,"<div class=""std"">
										<p><strong>THÔNG TIN CHI TIẾT&nbsp;</strong></p>
<table align=""center"" border=""1"" cellpadding=""1"" cellspacing=""1"" style=""height:380px;width:380px;"">
<tbody>
<tr>
	<td>&nbsp;Thương hiệu</td>
	<td>&nbsp;Hanvet&nbsp;</td>
</tr>
<tr>
	<td>&nbsp;Xuất xứ TH</td>
	<td>&nbsp;Việt Nam</td>
</tr>
<tr>
	<td>&nbsp;HDSD</td>
	<td>&nbsp;Dùng để&nbsp;xịt ngoài da diệt ve rận, bọ chét, ký sinh trùng chó mèo</td>
</tr>
<tr>
	<td>&nbsp;Lưu ý</td>
	<td>
	<p><b>&nbsp;Để ở nơi thoáng mát</b></p></td>
</tr>
<tr>
	<td>&nbsp;Thể tích</td>
	<td>&nbsp;100ml</td>
</tr>
<tr>
	<td>&nbsp;Quy cách&nbsp;</td>
	<td>
	<p><strong>&nbsp;1 chai</strong></p></td>
</tr>
</tbody></table>
<p style=""text-align: justify;""><strong>MÔ TẢ SẢN PHẨM</strong></p>
<h1 style=""text-align: justify;""><span style=""font-size:14px;""><em><u><strong><a href=""https://kunmiu.vn"">Thuốc xịt ngoài da diệt ve rận, bọ chét, ký sinh trùng cho chó mèo Hantox 100ml</a></strong></u></em> là dung dịch phun sương phòng và diệt hiệu quả bọ chét,&nbsp;ve, chấy, rận ở chó, mèo, thú cưng.</span></h1>
<h2 style=""text-align: justify;""><span style=""font-size:14px;""><a href=""http://kunmiu.vn""><u><em><strong>Thuốc xịt ngoài da diệt ve rận, bọ chét, ký sinh trùng cho chó mèo Hantox 100ml</strong></em></u></a>&nbsp;được chiết suất từ hoa cúc nên hoàn toàn không độc hại đến người và vật nuôi khi sử dụng.&nbsp;Sản phẩm sẽ&nbsp;làm tê liệt đường tiêu hóa của kí sinh trùng, làm chúng không hút&nbsp;máu được thú cưng.</span></h2>
<h3 style=""text-align: justify;""><span style=""font-size:14px;""><u><em><strong><a href=""http://kunmiu.vn"">Thuốc xịt ngoài da diệt ve rận, bọ chét, ký sinh trùng cho chó mèo Hantox 100ml</a>:</strong></em></u><br>
- Có tác dụng kéo dài, diệt hầu hết các loại ngoại ký sinh trùng ký sinh ở thú cảnh, gia súc, gia cầm: Bọ chét, ve, mòng, bét, chấy, rận, bọ mạt, bọ lông, ghẻ, ruồi, muỗi,...<br>
- Dung dịch có tác dụng trực tiếp hoặc&nbsp;qua đường tiêu hóa của kí sinh trùng, làm tê liệt, diệt cả trứng ký sinh trùng.</span></h3>
<h3 style=""text-align: justify;""><span style=""font-size:14px;"">Cách dùng:</span></h3>
<h3 style=""text-align: justify;""><span style=""font-size:14px;"">- Lắc kỹ bình xịt trước khi phun.</span></h3>
<h3 style=""text-align: justify;""><span style=""font-size:14px;"">- Phun trực tiếp trung bình:<br>
Chó 10-12 lần xịt/ kg<br>
Mèo 5-6 lần xịt/ kg</span></h3>
<h3 style=""text-align: justify;""><span style=""font-size:14px;"">- Giữ bình thẳng đứng, phun ngược chiều lông với khoảng cách 20-30 cm, dùng găng tay xoa khắp mình thú, đặc biệt là vùng đầu.</span></h3>
<h3 style=""text-align: justify;""><span style=""font-size:14px;"">- Phun toàn thân thú cưng để dung dịch&nbsp;thấm đều khắp cơ thể nhất là những vùng ký sinh trùng thường cư trú, kể cả đầu, tai, bốn chân và đuôi.</span></h3>
<h3 style=""text-align: justify;""><span style=""font-size:14px;"">- Không tắm cho thú cưng&nbsp;trước và sau khi xịt&nbsp;48 giờ</span></h3>
<h3 style=""text-align: justify;""><span style=""font-size:14px;"">Thời gian sử dụng:<br>
- Phòng và diệt Bọ chét, bét, ve, tích: Phun 2 lần cách nhau 15 ngày và phụ thuộc vào mức độ nhiễm.<br>
- Phòng và diệt chấy, rận: Chỉ cần phun 1 lần là hết sạch<br>
- Phòng và diệt ruồi, muỗi, kiến, gián: phun thường xuyên.<br>
- Phòng và diệt ghẻ:<br>
* Điều tri : 2 lần cách nhau 10 ngày<br>
* Phòng: 6 tháng phun 1 lần.</span></h3>
<h3 style=""text-align: justify;""><span style=""font-size:14px;"">Chú ý:<br>
- Chỉ dùng ngoài cho thú cưng, tránh để dung dịch dính vào mắt<br>
- Không ăn, uống khi xịt<br>
- Rửa kỹ tay chân bằng nước nóng và xà phòng sau khi phun<br>
- Không hạn chế dùng cho thú cưng khi đang mang thai và có con nhỏ<br>
- Để xa tầm tay&nbsp;trẻ em.</span></h3>
<p><span style=""font-size:14px;"">#kisinhtrung #chomeo #thucung #hantox100 #Kunmiupetshop</span></p>
<table align=""center"" border=""1"" cellpadding=""1"" cellspacing=""1"" style=""height:380px;width:380px;"">
<caption>Thuốc xịt ngoài da diệt ve rận, bọ chét, ký sinh trùng cho chó mèo Hantox 100ml</caption>
<tbody>
<tr>
	<td><a href=""https://kunmiu.vn/thuoc-xit-tri-ve-ghe-ran-hantox-hanvet-100ml""><img src=""https://bizweb.dktcdn.net/thumb/grande/100/229/172/products/xit-hantox-100ml-5.jpg?v=1585590831900""></a></td>
</tr>
</tbody></table>
<table align=""center"" border=""1"" cellpadding=""1"" cellspacing=""1"" style=""height:380px;width:380px;"">
<tbody>
<tr>
	<td><a href=""https://kunmiu.vn/thuoc-xit-tri-ve-ghe-ran-hantox-hanvet-100ml""><img src=""https://bizweb.dktcdn.net/thumb/grande/100/229/172/products/xit-hantox-100ml-3.jpg?v=1585590831900""></a></td>
</tr>
</tbody></table>
<p>&nbsp;</p>
									</div>",100ml--300ml--,https://bizweb.dktcdn.net/100/229/172/products/xit-hantox-100ml-03d5c399-420b-416b-a9a0-4270356deeca.jpg?v=1638797896410--https://bizweb.dktcdn.net/100/229/172/products/hantox-100ml.jpg?v=1638797900170--https://bizweb.dktcdn.net/100/229/172/products/xit-hantox-100ml.jpg?v=1638797906267--https://bizweb.dktcdn.net/100/229/172/products/xit-hantox-100ml-3.jpg?v=1638797887013--https://bizweb.dktcdn.net/100/229/172/products/xit-hantox-100ml-2.jpg?v=1638797887013--https://bizweb.dktcdn.net/100/229/172/products/xit-hantox-100ml-4.jpg?v=1638797887013--https://bizweb.dktcdn.net/100/229/172/products/xit-hantox-100ml-5.jpg?v=1638797887013--https://bizweb.dktcdn.net/100/229/172/products/hantox-300ml.png?v=1638797887013--
"Mỡ Kẽm Oxyd-Mỡ Bôi Vết Thương, Ghẻ Ngứa, Nhiễm Khuẩn Cho Chó,Mèo 100g (Mko)",45.000₫,,https://bizweb.dktcdn.net/100/229/172/products/mo-kem-oxyd-2.jpg?v=1585503225713,"<div class=""std"">
										<p>Thuốc kem,&nbsp;<a href=""https://kunmiu.vn""><em><strong>Mỡ bôi vết thương</strong></em></a>&nbsp;ngoài da Chữa nhiễm khuẩn, ghẻ lở, loét da<br>
* Thành phần:<br>
Trong 100 gam chế phẩm chứa:<br>
Zinc oxyd .......................................... 10 g..<br>
Ethancrdin lactat ......................... 500 mg.<br>
Acld sallcyllc .......................................2 g.<br>
Tá dược vđ...................................... 100 g.</p>
<p>* Chỉ định:<br>
- Những vết thương ướt, dịch rỉ, áp xe, mụn nhọt, lở loét ngoài da.<br>
- Bệnh ghẻ ngứa và trày da do gãi, cọ xước, cắn nhau<br>
- Những viêm nhiễm ngoài da nói chung ở lợn, trâu, bò, dê, chó, mèo....</p>
<p>* Cách dùng:<br>
- Trước khi bôi phải vệ sinh và loại bỏ các di vật, chất bám bề mặt vết thương.<br>
- Bôi mỡ lên vùng da bị tổn thương một lớp mỏng, đều khắp, bôi 2 lần /ngày, liên tục 3-5 ngày.<br>
* Thời gian giết mổ: Không.<br>
* Bảo quản: Nơi khô, mát, tránh ánh sáng.<br>
* Hạn sử dụng: 24 tháng kể từ ngày sản xuất.<br>
* Quy cách đóng gói: hộp nhựa 100 ml.</p>
<p>&nbsp;</p>
									</div>",No option,https://bizweb.dktcdn.net/100/229/172/products/mo-kem-oxyd-2.jpg?v=1585503225713--https://bizweb.dktcdn.net/100/229/172/products/mo-kem-oxyd-3.jpg?v=1585503226383--https://bizweb.dktcdn.net/100/229/172/products/mo-kem-oxyd-4.jpg?v=1585503226887--
"Thuốc Tẩy Giun,Phòng Giun Tim Cho Chó Heartworm-Shield S",10.000₫,,https://bizweb.dktcdn.net/100/229/172/products/thuoc-tri-giun-tim-heartworm-5.jpg?v=1585503007130,"<div class=""std"">
										<p><a href=""https://kunmiu.vn""><em><strong>Thuốc tẩy giun</strong></em></a>, phòng giun tim cho chó Heartworm-Shield S.<br>
* CHỈ ĐỊNH<br>
- Thuốc tẩy giun cho chó Heartworm-Shield S giúp phòng bệnh giun tim (D. immitis) ở chó bằng cách loại bỏ ấu trùng giun chỉ trong vòng 30 ngày sau khi điều trị.<br>
- Điều trị và kiểm soát giun tròn (Toxocara canis, Toxascaris leonina), giun móc (Ancylostoma caninum, Uncinaria stenocephala, Ancylostoma braziliense)<br>
* CÁCH DÙNG VÀ LIỀU LƯỢNG<br>
- Phòng bệnh giun tim (D. immitis ) ở chó (chó trọng lượng từ 12-22 kg): có thể cho chó uống cả viên thuốc trực tiếp hoặc nghiền thành bột rồi trộn với thức ăn với liều: 1 viên/lần/ tháng .<br>
- Điều trị và kiểm soát giun đũa, giun móc ở chó từ 6 tuần tuổi trở lên dùng 1 viên/2 tuần, 2 viên/tháng để có hiệu quả tốt nhất.</p>
<p>* THẬN TRỌNG<br>
Tất cả chó phải được xét nghiệm tình trạng nhiễm giun, sán trước khi điều trị với HEARTWORM SHIELD M do thuốc không có tác dụng với giun chỉ đã trưởng thành nên chó nhiễm bệnh nên được điều trị để loại bỏ giun chỉ trưởng thành trước khi bắt đầu điều trị với HEARTWORM SHIELD M.</p>
<p>* TÁC DỤNG PHỤ<br>
- Nôn mửa hoặc tiêu chảy trong vòng 24 giờ sau khi dùng thuôc (hiếm gặp)<br>
- Trầm cảm, nôn mửa, biếng ăn, tiêu chảy, mất ngủ, đi không vững, co giật, tăng tiết nước bọt.</p>
<p>* BẢO QUẢN: Nơi khô, mát, tránh ánh sáng.<br>
* HẠN DÙNG: 36 tháng.<br>
* QUY CÁCH ĐÓNG GÓI: 10 viên/vỉ, 1 vỉ/hộp.</p>
									</div>",1 viên--Hộp 10v 10 1 viên--,https://bizweb.dktcdn.net/100/229/172/products/thuoc-tri-giun-tim-heartworm-2.jpg?v=1585503005160--https://bizweb.dktcdn.net/100/229/172/products/thuoc-tri-giun-tim-heartworm-3.jpg?v=1585503005913--https://bizweb.dktcdn.net/100/229/172/products/thuoc-tri-giun-tim-heartworm-4.jpg?v=1585503006537--https://bizweb.dktcdn.net/100/229/172/products/thuoc-tri-giun-tim-heartworm-5.jpg?v=1585503007130--https://bizweb.dktcdn.net/100/229/172/products/thuoc-tri-giun-tim-heartworm-6.jpg?v=1585503007840--
Vòng Cổ Chống Và Diệt Ve Rận Ghẻ Cho Mèo Thảo Dược Không Độc Hại,60.000₫,"Vòng cổ chống và diệt ve rận ghẻ cho mèo thảo dược không độc hại,sử dụng cho chó, mèo dùng để ngăn ngừa và điều trị bọ chét và ve với tác dụng kéo dài 4 tháng",https://bizweb.dktcdn.net/100/229/172/products/meo.jpg?v=1561120548303,"<div class=""std"">
										<h2><span style=""font-size:14px;"">[CHỈ ĐỊNH]&nbsp;<a href=""https://kunmiu.vn/ky-sinh-trung""><span style=""color:#3498db;""><strong><em>Vòng cổ chống và diệt ve rận ghẻ cho mèo</em></strong></span></a><span style=""color:#3498db;""><strong><em> thảo dược không độc hại&nbsp;</em></strong></span></span></h2>
<p><span style=""font-size:14px;"">· &nbsp; &nbsp; &nbsp; &nbsp;Sử dụng cho mèo dùng để ngăn ngừa và điều trị bọ chét và ve với tác dụng kéo dài đến 8 tháng (hiệu quả nhất trong vòng 4-5 tháng)..</span></p>
<p><span style=""font-size:14px;"">· &nbsp; &nbsp; &nbsp; &nbsp;Tiêu diệt nhanh chóng, ve, ghẻ, bọ chét, chấy, mòng tai giúp thú cưng sạch sẽ, khỏe mạnh.</span></p>
<p><span style=""font-size:14px;"">· &nbsp; &nbsp; &nbsp; &nbsp;Chống được muỗi và các loại côn trùng có hại khác cắn thú</span></p>
<h3><span style=""font-size:14px;"">[HƯỚNG DẪN SỬ DỤNG]- <a href=""https://kunmiu.vn/ky-sinh-trung""><span style=""color:#3498db;""><strong><em>Vòng cổ chống và diệt ve rận ghẻ cho mèo</em></strong></span></a><span style=""color:#3498db;""><strong><em> thảo dược không độc hại&nbsp;</em></strong></span></span></h3>
<p><span style=""font-size:14px;"">Chỉ sử dụng cho mèo&nbsp;từ 8 tuần tuổi trở lên.Lấy vòng ra khỏi bao và vứt bỏ bao không. Buộc vòng đeo quanh cổ của&nbsp;mèo, điều chỉnh cho vừa vặn thoải mái (dùng 2 ngón tay đặt giữa vòng đeo và cổ mèo đang lớn, nên dự trù nới rộng vòng cho phù hợp. Cắt bỏ phần thừa của vòng. Để bảo vệ thú được liên tục, nên thay vòng mỗi 4 tháng. Vòng cổ nên được đeo thường xuyên và không ảnh hưởng bởi nước hay độ ẩm. Tuy nhiên nên tháo vòng mỗi khi tắm mèo.</span></p>
<p><br>
<span style=""font-size:14px;"">[LƯU Ý]</span></p>
<p><span style=""font-size:14px;"">-Giữ vòng đeo cổ trong gói niêm phong cho đến khi sử dụng.</span></p>
<p><span style=""font-size:14px;"">-Nên vứt bỏ phần thừa cắt đi hoặc vòng cổ đã dùng rồi.</span></p>
<p><span style=""font-size:14px;"">- Không dùng cho thú mẫn cảm với các thành phần có trong dây đeo<br>
[BẢO QUẢN] Để chỗ mát mẻ, tránh ánh nắng.</span></p>
<p><span style=""font-size:14px;"">[TRÌNH BÀY] Hộp đựng 1 vòng đeo cổ dài 30 - 32 cm.</span></p>
									</div>",No option,https://bizweb.dktcdn.net/100/229/172/products/meo.jpg?v=1561120548303--https://bizweb.dktcdn.net/100/229/172/products/vr5.jpg?v=1561120555310--https://bizweb.dktcdn.net/100/229/172/products/vr7.jpg?v=1561120506067--
Thuốc Xịt Trị Ghẻ Nấm Viêm Da Alkin Mitecyn,160.000₫,"Thuốc xịt trị ghẻ nấm viêm da Alkin Mitecyn đặc trị ve rận, bọ chét, nấm và các bệnh ngoài da của chó mèo, các bệnh thường gặp như: ghẻ mite, ghẻ demodex…",https://bizweb.dktcdn.net/100/229/172/products/alkin-mitecyn-1.jpg?v=1558621050870,"<div class=""std"">
										<h1><span style=""font-size:14px;""><strong><a href=""https://kunmiu.vn/ky-sinh-trung""><em><span style=""color:#3498db;"">Thuốc xịt trị ghẻ nấm viêm da Alkin Mitecyn</span></em></a> - <a href=""https://kunmiu.vn/ky-sinh-trung"">Trị ghẻ, nấm, viêm da</a></strong></span></h1>
<p><span style=""font-size:14px;""><strong>( XUẤT XỨ: HÀNG NỘI ĐỊ TRUNG QUỐC ).</strong></span></p>
<p><span style=""font-size:14px;""><strong>Chỉ định:</strong>&nbsp;<em>Thuốc đặc trị ve rận</em>, bọ chét,&nbsp;<em>nấm</em>&nbsp;và&nbsp;<em>các&nbsp;<a href=""http://kunmiu.com"">bệnh ngoài da</a></em><a href=""https://kunmiu.vn/ky-sinh-trung"">&nbsp;của chó mèo</a> do vi khuẩn gây nên. Đặc biệt là các bệnh thường gặp như:&nbsp;ghẻ mite, <a href=""https://kunmiu.vn/ky-sinh-trung"">ghẻ demodex</a>… và các loại&nbsp;ghẻ nấm&nbsp;khác áp dụng cho thú cưng.</span></p>
<h2><span style=""font-size:14px;""><strong>Thành phần&nbsp;<a href=""https://kunmiu.vn/ky-sinh-trung""><em><span style=""color:#3498db;"">Thuốc xịt trị ghẻ nấm viêm da Alkin Mitecyn</span></em></a> bao gồm :</strong>&nbsp;Moxidectin, Ivermectin, Miconazole Nitrate, Neomycin sulfate, Chlorhexidine Acetate, yếu tố hiệu quả, thành phần chống dị ứng.</span></h2>
<p><span style=""font-size:14px;""><strong>Đối tượng áp dụng:</strong>&nbsp;cho tất cả các giống chó và mèo từ &nbsp;12 tuần tuổi&nbsp;trở lên.</span></p>
<h3><span style=""font-size:14px;""><strong>Cách sử dụng <a href=""https://kunmiu.vn/ky-sinh-trung""><em><span style=""color:#3498db;"">Thuốc xịt trị ghẻ nấm viêm da Alkin Mitecyn</span></em></a>:</strong>&nbsp;Nếu có thể&nbsp;hãy cạo lông&nbsp;khu vực bị ảnh hưởng bởi vi khuẩn ngoài da.&nbsp;Xịt thuốc vào&nbsp;các khu vực xung quanh cho thú cưng&nbsp;với liều lượng đồng đều khắp khu vực cần điều trị. Nếu bị xịt vào mắt thú cưng hoặc các khu vực nhạy cảm khác cần lấy khăn bông ướt để lau sạch lại ngay sau khi xịt. Trong trường hợp vết thương nhiễm trùng nặng cần phải sử dụng thuốc dưới sự tư vấn và giám sát của bác sĩ thú y.</span></h3>
<p><span style=""font-size:14px;""><strong>Liều lượng:</strong>&nbsp;Bệnh nhẹ vừa phải sử dụng một ngày một lần; Bệnh da nặng nên hợp tác với thuốc Texin lotion của Mỹ. Đồng thời chỉ nên&nbsp;sử dụng một lần một ngày; Điều trị trong&nbsp;7-10 ngày liên tục.</span></p>
<p><span style=""font-size:14px;""><strong>Phản ứng phụ:</strong>&nbsp;Sản phẩm này không gây dị ứng, nhiễm độc, không gây độc hại cho chó mèo đang mang thai. Có thể được sử dụng một cách an toàn với mọi đối tượng thú cưng. Tuy nhiên&nbsp;để đảm bảo sử dụng an toàn nên được thử nghiệm trước với liều lượng ít cho thú cưng trong 3 tiếng, nếu không có phản ứng phụ thì hoàn toàn không có vấn đề gì đáng lo ngại.</span></p>
<p><span style=""font-size:14px;""><strong>Lưu ý khi sử dụng:&nbsp;</strong><br>
* Sản phẩm này được thiết kế cho thú cưng không sử dụng cho người, không tiêm, không cho thú cưng uống, liếm phải.<br>
* Người sử dụng và động vật nên tránh hít phải bụi phun từ thuốc.<br>
* Hãy chắc chắn để đặt không thể tiếp cận với trẻ em</span></p>
<p>&nbsp;</p>
<p><iframe allow=""accelerometer; autoplay; encrypted-media; gyroscope; picture-in-picture"" allowfullscreen="""" frameborder=""0"" src=""https://www.youtube.com/embed/hvoidTczzKM""></iframe></p>
									</div>",50ml -4x4x11cm--125ml--,https://bizweb.dktcdn.net/100/229/172/products/alkin-mitecyn-1.jpg?v=1558621050870--https://bizweb.dktcdn.net/100/229/172/products/mitecyn-2-min.jpg?v=1558621042667--https://bizweb.dktcdn.net/100/229/172/products/mitecyn-3-min.jpg?v=1558621042667--https://bizweb.dktcdn.net/100/229/172/products/alkin-mitecyn-2.jpg?v=1558621055473--
